unique_id,collision_id,crash_date,crash_time,person_id,person_type,person_injury,vehicle_id,person_age,ejection,emotional_status,bodily_injury,position_in_vehicle,safety_equipment,complaint,ped_role,person_sex,ped_location,ped_action,contributing_factor_1,contributing_factor_2
13492316,4846464,2025-09-30T00:00:00.000,14:17,18b992fb-1855-4127-857b-88c967f841da,Occupant,Unspecified,20945681,30,Not Ejected,Does Not Apply,Does Not Apply,Driver,Unknown,Does Not Apply,Driver,M,,,,
13491969,4846299,2025-09-30T00:00:00.000,0:00,50721fd8-9443-4e09-ab83-c0c8f0265510,Occupant,Unspecified,20945485,58,Not Ejected,Does Not Apply,Does Not Apply,Driver,Lap Belt & Harness,Does Not Apply,Driver,M,,,,
13492104,4846357,2025-09-30T00:00:00.000,13:00,eb7e8016-6074-48f1-a52c-9a9f01bc6065,Occupant,Unspecified,20945552,,,,,,,,Registrant,,,,,
13492254,4846492,2025-09-30T00:00:00.000,12:11,e520d714-9af7-4a69-9c2f-57e2306fca87,Occupant,Unspecified,20945643,32,,,,,,,Registrant,F,,,,
13492374,4846443,2025-09-30T00:00:00.000,14:35,29e85b20-0be4-4497-9c39-e83e8e9f364e,Occupant,Unspecified,20945712,,,,,,,,Registrant,,,,,
13494035,4846852,2025-09-30T00:00:00.000,19:25,d394ddd8-3275-4164-b225-de939b135b61,Occupant,Unspecified,20946651,,,,,,,,Registrant,,,,,
13494048,4846920,2025-09-30T00:00:00.000,10:40,6aa16293-ae8e-4947-b836-74ece76726d5,Occupant,Unspecified,20946659,,,,,,,,Registrant,U,,,,
13494230,4846873,2025-09-30T00:00:00.000,11:40,10d6a7c4-6e29-4930-8f2c-5c8c36a596e7,Occupant,Unspecified,20946751,44,,,,,,,Registrant,F,,,,
13493283,4846609,2025-09-30T00:00:00.000,16:45,0cde9fbc-6772-4420-a537-6e6c32c149d1,Occupant,Unspecified,20946218,10,Not Ejected,Does Not Apply,Does Not Apply,"Any person in the rear of a station wagon, pick-up truck, all passengers on a bus, etc",Lap Belt,Does Not Apply,Passenger,M,,,,
13491948,4846434,2025-09-30T00:00:00.000,17:17,84965aaa-6f83-461b-83f4-834a71bb98a8,Occupant,Unspecified,20945472,39,Not Ejected,Does Not Apply,Does Not Apply,Driver,Unknown,Does Not Apply,Driver,M,,,,
13492950,4846383,2025-09-30T00:00:00.000,16:00,aa497408-fd64-4f44-9d01-b22e85aa1eb8,Occupant,Unspecified,20946032,22,Not Ejected,Does Not Apply,Does Not Apply,Driver,Lap Belt,Does Not Apply,Driver,M,,,,
13492940,4846377,2025-09-30T00:00:00.000,10:03,d786b0cf-4df4-49fc-8ca6-a96361a8d355,Occupant,Injured,20946025,73,Not Ejected,Conscious,Neck,"Front passenger, if two or more persons, including the driver, are in the front seat",Lap Belt & Harness,Whiplash,Passenger,M,,,,
13494456,4846797,2025-09-30T00:00:00.000,17:56,a5b3721b-b0c3-4cb1-be7a-746f0e27888d,Occupant,Unspecified,20946879,54,Not Ejected,Does Not Apply,Does Not Apply,Driver,Lap Belt,Does Not Apply,Driver,M,,,,
13493649,4846433,2025-09-30T00:00:00.000,9:45,a4ba80cd-1fa1-4de2-a9f7-777c700525dd,Occupant,Unspecified,20946430,55,Not Ejected,Does Not Apply,Does Not Apply,Driver,Unknown,Does Not Apply,Driver,M,,,,
13493306,4846526,2025-09-30T00:00:00.000,23:00,c5fb5195-a115-49fe-ad9a-af5c3c2b27c9,Occupant,Unspecified,20946229,,,,,,,,Registrant,,,,,
13493284,4846609,2025-09-30T00:00:00.000,16:45,2179cd2a-69d6-40df-8858-73c5000d723b,Occupant,Unspecified,20946218,9,Not Ejected,Does Not Apply,Does Not Apply,"Any person in the rear of a station wagon, pick-up truck, all passengers on a bus, etc",Lap Belt,Does Not Apply,Passenger,F,,,,
13493836,4846674,2025-09-30T00:00:00.000,19:50,d2938131-90b1-4db3-bde7-12cc7a92d994,Occupant,Unspecified,20946533,,,,,,,,Registrant,,,,,
13492418,4846295,2025-09-30T00:00:00.000,8:55,4c1829d0-0b03-4cf8-b297-086fa91a55cb,Occupant,Injured,20945733,66,Not Ejected,Conscious,Back,Driver,Lap Belt & Harness,Complaint of Pain or Nausea,Driver,M,,,,
13491972,4846299,2025-09-30T00:00:00.000,0:00,7b07963c-9723-4837-816a-1b3313e097f0,Occupant,Unspecified,20945485,58,,,,,,,Registrant,M,,,,
13493826,4846513,2025-09-30T00:00:00.000,3:15,938aeba1-0763-4281-836b-790d8f50971a,Occupant,Unspecified,20946531,28,Not Ejected,Does Not Apply,Does Not Apply,"Left rear passenger, or rear passenger on a bicycle, motorcycle, snowmobile",Unknown,Does Not Apply,Passenger,M,,,,
13494032,4846852,2025-09-30T00:00:00.000,19:25,525db14b-cc74-44cb-b39c-69c8f42574db,Occupant,Unspecified,20946652,27,,,,,,,Registrant,M,,,,
13494459,4846797,2025-09-30T00:00:00.000,17:56,6a37a68b-8a8c-4ddf-8fd7-15758e3ebcac,Occupant,Unspecified,20946879,,,,,,,,Registrant,,,,,
13492339,4846312,2025-09-30T00:00:00.000,10:48,3937983a-b848-4b2e-a335-9d535679046c,Occupant,Unspecified,20945697,38,Not Ejected,Does Not Apply,Does Not Apply,Driver,Lap Belt & Harness,Does Not Apply,Driver,M,,,,
13492770,4846403,2025-09-30T00:00:00.000,14:50,04260218-d1b3-441e-bdb5-4818708acef7,Occupant,Unspecified,20945926,67,,,,,,,Registrant,F,,,,
13492843,4846245,2025-09-30T00:00:00.000,7:05,c37fcec1-44ad-448f-9459-bc3c94cb8fd8,Occupant,Unspecified,20945966,45,Not Ejected,Does Not Apply,Does Not Apply,Driver,Lap Belt & Harness,Does Not Apply,Driver,M,,,,
13492363,4846252,2025-09-30T00:00:00.000,7:50,dc46b1d6-a84b-42e6-9a35-11c4e615697b,Occupant,Unspecified,20945709,45,Not Ejected,Does Not Apply,Does Not Apply,Driver,Lap Belt & Harness,Does Not Apply,Driver,M,,,,
13492202,4846335,2025-09-30T00:00:00.000,12:10,073fcb9f-aa76-42a5-9206-45b65dd7a92b,Occupant,Unspecified,20945610,24,,,,,,,Registrant,M,,,,
13492853,4846303,2025-09-30T00:00:00.000,8:38,361669fe-9002-4e79-a122-dd19f591903a,Occupant,Injured,20945971,30,Not Ejected,Conscious,Neck,Driver,Lap Belt & Harness,Whiplash,Driver,M,,,,
13494245,4846830,2025-09-30T00:00:00.000,4:44,9793fc3b-bbda-4239-90d4-74b3b6e8f271,Occupant,Unspecified,20946759,44,,,,,,,Registrant,M,,,,
13492643,4846260,2025-09-30T00:00:00.000,6:31,9a7a9806-7d85-4dfc-b6f8-f4cd0981582e,Occupant,Unspecified,20945852,37,Not Ejected,Does Not Apply,Does Not Apply,Driver,Lap Belt & Harness,Does Not Apply,Driver,M,,,,
13494587,4846995,2025-09-30T00:00:00.000,0:00,b9b3585e-0f30-4aeb-bbd0-4a184d85fbc1,Occupant,Unspecified,20946954,84,Not Ejected,Does Not Apply,Does Not Apply,Driver,Lap Belt & Harness,Does Not Apply,Driver,M,,,,
13493856,4846512,2025-09-30T00:00:00.000,15:25,75afbb56-b038-4283-8f5d-bff202022e46,Occupant,Unspecified,20946544,10,Not Ejected,Does Not Apply,Does Not Apply,"Any person in the rear of a station wagon, pick-up truck, all passengers on a bus, etc",Lap Belt,Does Not Apply,Passenger,M,,,,
13492527,4846364,2025-09-30T00:00:00.000,11:40,7234355b-7f03-4a1f-a15b-33bbc5742bcc,Occupant,Injured,20945788,50,Not Ejected,Conscious,Shoulder - Upper Arm,Driver,Lap Belt & Harness,Complaint of Pain or Nausea,Driver,F,,,,
13493347,4846557,2025-09-30T00:00:00.000,9:30,637a6f4f-7d37-4a36-a39b-65c648dff4fa,Occupant,Unspecified,20946255,27,,,,,,,Registrant,F,,,,
13493612,4846676,2025-09-30T00:00:00.000,13:00,80f213d5-c56a-439f-ae8e-2b7561ebb717,Occupant,Unspecified,20946411,52,Not Ejected,Does Not Apply,Does Not Apply,Driver,Unknown,Does Not Apply,Driver,M,,,,
13494715,4846818,2025-09-30T00:00:00.000,9:25,ca1f99db-5d5b-46b3-89ca-d4113a2811e2,Occupant,Unspecified,20947039,,Partially Ejected,Does Not Apply,Does Not Apply,"Front passenger, if two or more persons, including the driver, are in the front seat",Lap Belt & Harness,Does Not Apply,Passenger,F,,,,
13492932,4846374,2025-09-30T00:00:00.000,9:05,c88ed230-8152-4785-8713-82bd8f4c8b52,Occupant,Injured,20946022,33,Not Ejected,Conscious,Head,Driver,Lap Belt,Contusion - Bruise,Driver,F,,,,
13493290,4846609,2025-09-30T00:00:00.000,16:45,c783f5fe-c32d-4363-9056-995a456f621a,Occupant,Unspecified,20946218,11,Not Ejected,Does Not Apply,Does Not Apply,"Any person in the rear of a station wagon, pick-up truck, all passengers on a bus, etc",Lap Belt,Does Not Apply,Passenger,M,,,,
13494582,4846992,2025-09-30T00:00:00.000,1:20,39f68c10-7caf-43ae-9676-53fb152a7752,Occupant,Unspecified,20946952,23,Not Ejected,Does Not Apply,Does Not Apply,Unknown,None,Does Not Apply,Driver,M,,,,
13492256,4846496,2025-09-30T00:00:00.000,13:13,c68f607b-16cc-4784-ac59-081d096d2b26,Occupant,Injured,20945646,41,Ejected,Conscious,Shoulder - Upper Arm,Driver,Helmet Only (In-Line Skater/Bicyclist),Complaint of Pain or Nausea,Driver,M,,,,
13492937,4846377,2025-09-30T00:00:00.000,10:03,b28e856a-cfe4-4bb0-9a63-c801380faf22,Occupant,Unspecified,20946024,58,,,,,,,Registrant,M,,,,
13494320,4846814,2025-09-30T00:00:00.000,6:22,70b6fd2f-409a-4720-9b88-5b980b8ee2f2,Occupant,Injured,20946799,50,Not Ejected,Conscious,Back,Driver,Unknown,Whiplash,Driver,F,,,,
13493338,4846750,2025-09-30T00:00:00.000,23:24,670d3875-974b-41a1-a830-7d0075315d5e,Occupant,Unspecified,20946247,,,,,,,,Registrant,,,,,
13494027,4846850,2025-09-30T00:00:00.000,11:45,4d48a37b-c771-462b-86f6-183d7bdf44fa,Occupant,Unspecified,20946648,51,Not Ejected,Does Not Apply,Does Not Apply,Driver,Unknown,Does Not Apply,Driver,M,,,,
13492951,4846383,2025-09-30T00:00:00.000,16:00,0ee05519-3d21-4e47-b352-1ded547892b4,Pedestrian,Injured,,37,,Conscious,Shoulder - Upper Arm,,,Complaint of Pain or Nausea,Pedestrian,M,Pedestrian/Bicyclist/Other Pedestrian at Intersection,Crossing With Signal,Unspecified,Unspecified
13492552,4846446,2025-09-30T00:00:00.000,18:23,c22159f4-584f-41d1-907f-daa23a5f629f,Other Motorized,Injured,20945800,57,Not Ejected,Conscious,Knee-Lower Leg Foot,Driver,Helmet Only (In-Line Skater/Bicyclist),Complaint of Pain or Nausea,Driver,F,,,,
13493176,4846600,2025-09-30T00:00:00.000,13:40,ddeecc0e-4104-444a-afe4-0412fd4423ca,Occupant,Unspecified,20946159,44,,,,,,,Registrant,M,,,,
13493671,4846530,2025-09-30T00:00:00.000,18:45,86973a78-e6a5-4495-a274-3d3c1ee92110,Occupant,Unspecified,20946443,61,Not Ejected,Does Not Apply,Does Not Apply,Right rear passenger or motorcycle sidecar passenger,Lap Belt,Does Not Apply,Passenger,M,,,,
13493249,4846733,2025-09-30T00:00:00.000,12:24,061e77f3-0e90-462c-b781-1b6cc3f62cce,Occupant,Injured,20946201,25,Not Ejected,Unknown,Unknown,Driver,Air Bag Deployed,Unknown,Driver,F,,,,
13493208,4846614,2025-09-30T00:00:00.000,0:00,42827f13-db9f-4c26-9bba-75590437511e,Occupant,Unspecified,20946175,64,Not Ejected,Does Not Apply,Does Not Apply,Driver,Lap Belt & Harness,Does Not Apply,Driver,M,,,,
13491732,4846209,2025-09-30T00:00:00.000,2:05,ceabe614-b736-473f-bef3-1e818e4fe9bf,Occupant,Unspecified,20945361,,,,,,,,Registrant,,,,,
13492570,4846360,2025-09-30T00:00:00.000,0:40,6daef667-d13b-41a1-becd-300462f2ef55,Occupant,Unspecified,20945811,50,,,,,,,Registrant,M,,,,
13493292,4846609,2025-09-30T00:00:00.000,16:45,92d6a6eb-775b-48c0-8b13-34a937be8ce5,Occupant,Unspecified,20946218,4,Not Ejected,Does Not Apply,Does Not Apply,"Any person in the rear of a station wagon, pick-up truck, all passengers on a bus, etc",Lap Belt,Does Not Apply,Passenger,F,,,,
13492189,4846317,2025-09-30T00:00:00.000,12:05,4c36c779-6219-4f7d-b7d0-cd1c213a91b4,Occupant,Unspecified,20945604,38,,,,,,,Registrant,M,,,,
13491949,4846434,2025-09-30T00:00:00.000,17:17,3a97d0e9-90ea-4d83-a3c5-282ac392ee77,Occupant,Unspecified,20945471,71,,,,,,,Registrant,M,,,,
13492538,4846444,2025-09-30T00:00:00.000,12:56,ffd58276-71ed-4706-b3f2-52dd945797b3,Occupant,Injured,20945793,25,Not Ejected,Conscious,Neck,Driver,Lap Belt & Harness,Complaint of Pain or Nausea,Driver,M,,,,
13493209,4846614,2025-09-30T00:00:00.000,0:00,7267bdc5-95ac-4c03-b18b-f401b33382e4,Occupant,Unspecified,20946174,,,,,,,,Registrant,,,,,
13491733,4846209,2025-09-30T00:00:00.000,2:05,562338eb-d086-4278-8f48-9939411dd119,Occupant,Unspecified,20945361,49,Not Ejected,Does Not Apply,Does Not Apply,Driver,None,Does Not Apply,Driver,M,,,,
13493256,4846619,2025-09-30T00:00:00.000,7:56,9b48fba3-18b0-4fa3-b074-24e74590ade4,Occupant,Unspecified,20946204,39,,,,,,,Registrant,M,,,,
13494030,4846852,2025-09-30T00:00:00.000,19:25,88ba2dae-8bfa-4b70-83d1-d0066cc4cc3f,Occupant,Unspecified,20946651,31,Not Ejected,Does Not Apply,Does Not Apply,Driver,Lap Belt & Harness,Does Not Apply,Driver,M,,,,
13493288,4846609,2025-09-30T00:00:00.000,16:45,89d73105-0f0c-4c04-bc35-8e2b202356a5,Occupant,Unspecified,20946218,7,Not Ejected,Does Not Apply,Does Not Apply,"Any person in the rear of a station wagon, pick-up truck, all passengers on a bus, etc",Lap Belt,Does Not Apply,Passenger,F,,,,
13494579,4846992,2025-09-30T00:00:00.000,1:20,0b2de243-9eb8-4876-97c1-31fece1aeb80,Occupant,Injured,20946951,19,Not Ejected,Conscious,Neck,Right rear passenger or motorcycle sidecar passenger,Unknown,Complaint of Pain or Nausea,Passenger,F,,,,
13493187,4846707,2025-09-30T00:00:00.000,14:36,ea0fc82c-296a-4afc-adec-b54204a09d46,Occupant,Unspecified,20946162,30,Not Ejected,Does Not Apply,Does Not Apply,Driver,Lap Belt,Does Not Apply,Driver,M,,,,
13492375,4846461,2025-09-30T00:00:00.000,13:30,0d345ddc-72ea-4c55-94d0-8138f2efda15,Occupant,Unspecified,20945714,48,Not Ejected,Does Not Apply,Does Not Apply,Unknown,None,Does Not Apply,Driver,M,,,,
13492420,4846295,2025-09-30T00:00:00.000,8:55,4c9f67cf-b749-402c-ba7f-18339a68a192,Occupant,Unspecified,20945734,60,Not Ejected,Does Not Apply,Does Not Apply,Driver,Lap Belt & Harness,Does Not Apply,Driver,M,,,,
13492783,4846454,2025-09-30T00:00:00.000,16:35,640c15f1-9e3c-44cd-85f7-afe68785b779,Occupant,Unspecified,20945931,12,Not Ejected,Does Not Apply,Does Not Apply,Unknown,Unknown,Does Not Apply,Passenger,F,,,,
13493852,4846512,2025-09-30T00:00:00.000,15:25,1e2e99c0-32df-4bc9-9473-4eb489146175,Occupant,Unspecified,20946544,10,Not Ejected,Does Not Apply,Does Not Apply,"Any person in the rear of a station wagon, pick-up truck, all passengers on a bus, etc",Lap Belt,Does Not Apply,Passenger,M,,,,
13494392,4846942,2025-09-30T00:00:00.000,10:20,11b82150-015d-489f-9cac-cb8f4a3e26b6,Occupant,Unspecified,20946844,,,,,,,,Owner,,,,,
13494109,4846505,2025-09-30T00:00:00.000,15:46,2b4f7092-4a3a-4374-88cf-241c102b797d,Occupant,Unspecified,20946693,41,Not Ejected,Does Not Apply,Does Not Apply,Driver,Unknown,Does Not Apply,Driver,F,,,,
13492642,4846256,2025-09-30T00:00:00.000,6:30,19119661-c619-4eb4-b587-2216c2f61ff2,Occupant,Unspecified,20945850,65,,,,,,,Registrant,M,,,,
13494594,4846996,2025-09-30T00:00:00.000,17:00,d3231b9d-73dc-4251-b08d-c3e77940520f,Occupant,Unspecified,20946957,32,Not Ejected,Does Not Apply,Does Not Apply,Driver,Lap Belt & Harness,Does Not Apply,Driver,F,,,,
13494621,4846864,2025-09-30T00:00:00.000,10:00,089dcf28-92f4-4ade-9a29-01d4e0303272,Occupant,Injured,20946976,63,Not Ejected,Conscious,Neck,Driver,Lap Belt & Harness,Complaint of Pain or Nausea,Driver,M,,,,
13494624,4846864,2025-09-30T00:00:00.000,10:00,67df1e10-5e92-449a-98b5-bd558ceb49c2,Occupant,Unspecified,20946976,63,,,,,,,Registrant,M,,,,
13494652,4846778,2025-09-30T00:00:00.000,16:30,82268ad6-3530-42e3-8ff4-0b01e7bc2a10,Occupant,Unspecified,20946993,48,Not Ejected,Does Not Apply,Does Not Apply,Driver,Lap Belt & Harness,Does Not Apply,Driver,M,,,,
13493587,4846671,2025-09-30T00:00:00.000,13:20,c682bcc7-94a1-4262-a186-58a74abb1fe9,Occupant,Unspecified,20946386,36,Not Ejected,Does Not Apply,Does Not Apply,Driver,Lap Belt,Does Not Apply,Driver,M,,,,
13492652,4846441,2025-09-30T00:00:00.000,15:30,47769452-c58c-40c0-9edf-21d46ca287f8,Occupant,Injured,20945856,40,Not Ejected,Conscious,Chest,Driver,Air Bag Deployed,Complaint of Pain or Nausea,Driver,F,,,,
13492550,4846446,2025-09-30T00:00:00.000,18:23,cf42448a-b78e-49d4-a120-ae0470918331,Occupant,Unspecified,20945799,46,,,,,,,Registrant,F,,,,
13492529,4846364,2025-09-30T00:00:00.000,11:40,c9fa06f2-dcd1-4b20-a350-ee05216aa9d3,Occupant,Unspecified,20945789,41,Not Ejected,Does Not Apply,Does Not Apply,Driver,Lap Belt,Does Not Apply,Driver,M,,,,
13492958,4846412,2025-09-30T00:00:00.000,20:17,2a2dd16e-76e3-4751-9e23-d9cdcf7c213a,Pedestrian,Injured,,28,,Conscious,Knee-Lower Leg Foot,,,Contusion - Bruise,Pedestrian,M,Pedestrian/Bicyclist/Other Pedestrian at Intersection,Crossing Against Signal,Unspecified,Unspecified
13493184,4846610,2025-09-30T00:00:00.000,15:47,48008435-959b-4dec-81ad-16d6eb85de5e,Occupant,Unspecified,20946161,,,,,,,,Registrant,U,,,,
13494588,4846995,2025-09-30T00:00:00.000,0:00,c1b82791-60cf-4210-90e0-193723b55253,Occupant,Unspecified,20946953,44,,,,,,,Registrant,M,,,,
13493234,4846581,2025-09-30T00:00:00.000,9:03,84ae91d1-7c2b-406b-b63e-52f29881eef3,Occupant,Unspecified,20946192,25,Not Ejected,Does Not Apply,Does Not Apply,"Front passenger, if two or more persons, including the driver, are in the front seat",Lap Belt & Harness,Does Not Apply,Passenger,F,,,,
13492471,4846467,2025-09-30T00:00:00.000,6:55,bf89d99a-f1c8-413d-9921-1571bd133698,Occupant,Unspecified,20945762,,,,,,,,Registrant,,,,,
13493536,4846723,2025-09-30T00:00:00.000,21:50,b3660925-eba7-4a41-998f-d3a326f0d0c8,Occupant,Unspecified,20946365,31,Not Ejected,Does Not Apply,Does Not Apply,"Front passenger, if two or more persons, including the driver, are in the front seat",Lap Belt & Harness,Does Not Apply,Passenger,M,,,,
13492845,4846245,2025-09-30T00:00:00.000,7:05,229cac6f-a423-41f8-8e14-d6fb769a84d2,Occupant,Unspecified,20945967,35,Not Ejected,Does Not Apply,Does Not Apply,Driver,Lap Belt & Harness,Does Not Apply,Driver,M,,,,
13492553,4846446,2025-09-30T00:00:00.000,18:23,695b80f2-04b7-4930-b8bf-01bc8f9e3e7e,Occupant,Unspecified,20945799,11,Not Ejected,Does Not Apply,Does Not Apply,Unknown,Lap Belt,Does Not Apply,Passenger,M,,,,
13494229,4846873,2025-09-30T00:00:00.000,11:40,a6303332-f829-4199-bf0e-27f6c1d79bb5,Occupant,Unspecified,20946750,32,Not Ejected,Does Not Apply,Does Not Apply,Driver,Lap Belt & Harness,Does Not Apply,Driver,F,,,,
13493929,4846735,2025-09-30T00:00:00.000,21:32,740bc533-0496-4d62-935e-a7b157ff1926,Occupant,Unspecified,20946585,65,Not Ejected,Does Not Apply,Does Not Apply,Unknown,None,Does Not Apply,Driver,F,,,,
13494033,4846852,2025-09-30T00:00:00.000,19:25,c6d012f7-7969-4ddf-93d2-e6e33f14dc70,Occupant,Unspecified,20946652,27,Not Ejected,Does Not Apply,Does Not Apply,Driver,Lap Belt & Harness,Does Not Apply,Driver,M,,,,
13494458,4846797,2025-09-30T00:00:00.000,17:56,39d25037-ee49-467e-8967-0fd2177cb237,Occupant,Unspecified,20946880,27,,,,,,,Registrant,F,,,,
13492092,4846471,2025-09-30T00:00:00.000,17:00,3c8be32a-f8b6-442f-879f-288b9487317e,Occupant,Unspecified,20945547,30,Not Ejected,Does Not Apply,Does Not Apply,Driver,Lap Belt,Does Not Apply,Driver,M,,,,
13493670,4846530,2025-09-30T00:00:00.000,18:45,a1f33131-103c-426e-af0b-ba40fa4e5e92,Occupant,Unspecified,20946443,25,Not Ejected,Does Not Apply,Does Not Apply,"Front passenger, if two or more persons, including the driver, are in the front seat",Lap Belt,Does Not Apply,Passenger,M,,,,
13492882,4846477,2025-09-30T00:00:00.000,11:25,dc9db953-7061-4e4f-b9e5-878f1d7c596e,Occupant,Unspecified,20945991,74,,,,,,,Registrant,M,,,,
13492364,4846252,2025-09-30T00:00:00.000,7:50,4a5abdbd-708c-4e0b-9e09-20188e5b66fd,Occupant,Unspecified,20945708,64,Not Ejected,Does Not Apply,Does Not Apply,"Front passenger, if two or more persons, including the driver, are in the front seat",Lap Belt & Harness,Does Not Apply,Passenger,F,,,,
13493319,4846586,2025-09-30T00:00:00.000,6:30,0301b6b4-bbb0-4cd2-93f3-3d191e682cae,Occupant,Unspecified,20946238,23,,,,,,,Registrant,M,,,,
13492090,4846406,2025-09-30T00:00:00.000,17:45,2445545a-1bff-41be-a61f-4ec0ee84dcb3,Pedestrian,Injured,,,,Conscious,Knee-Lower Leg Foot,,,Complaint of Pain or Nausea,Pedestrian,F,Pedestrian/Bicyclist/Other Pedestrian Not at Intersection,Emerging from in Front of/Behind Parked Vehicle,View Obstructed/Limited,Pedestrian/Bicyclist/Other Pedestrian Error/Confusion
13493236,4846582,2025-09-30T00:00:00.000,17:49,d61dd28a-2915-4580-ace5-25953a93d1b6,Occupant,Unspecified,20946194,41,Not Ejected,Does Not Apply,Does Not Apply,Driver,Unknown,Does Not Apply,Driver,M,,,,
13493312,4846533,2025-09-30T00:00:00.000,13:05,7f6be23d-ecd3-459d-a48c-4ca1b492a485,Occupant,Unspecified,20946234,40,,,,,,,Registrant,M,,,,
13492200,4846335,2025-09-30T00:00:00.000,12:10,bb93745a-fe02-432f-971b-03696c2a7121,Occupant,Unspecified,20945611,37,,,,,,,Registrant,M,,,,
13494687,4846841,2025-09-30T00:00:00.000,6:30,2bf5c928-503d-4818-9b12-bfe0bf3855e9,Occupant,Unspecified,20947015,33,Not Ejected,Does Not Apply,Does Not Apply,Driver,Lap Belt & Harness,Does Not Apply,Driver,M,,,,
13493665,4846592,2025-09-30T00:00:00.000,15:20,8b0101e9-5047-4d64-84ed-2d8017c38272,Occupant,Unspecified,20946441,54,Not Ejected,Does Not Apply,Does Not Apply,Driver,Lap Belt & Harness,Does Not Apply,Driver,M,,,,
13492362,4846252,2025-09-30T00:00:00.000,7:50,726d2e52-356c-4868-bdb4-f26144abc913,Occupant,Unspecified,20945709,45,,,,,,,Registrant,M,,,,
13492849,4846302,2025-09-30T00:00:00.000,8:30,fbd93e35-5947-441a-9bf4-ea85ee21c880,Occupant,Unspecified,20945969,52,Not Ejected,Does Not Apply,Does Not Apply,Driver,Lap Belt & Harness,Does Not Apply,Driver,M,,,,
13494585,4846995,2025-09-30T00:00:00.000,0:00,133139c1-82b5-4db5-a448-eb6c3d9fab81,Occupant,Unspecified,20946953,44,Not Ejected,Does Not Apply,Does Not Apply,Driver,Lap Belt & Harness,Does Not Apply,Driver,M,,,,
13493335,4846750,2025-09-30T00:00:00.000,23:24,4b412b35-a8d9-42f7-a0d1-dfed1cd5c9b3,Occupant,Unspecified,20946247,40,Not Ejected,Does Not Apply,Does Not Apply,Driver,Lap Belt,Does Not Apply,Driver,M,,,,
13492892,4846480,2025-09-30T00:00:00.000,19:42,31ef2e7d-64ff-4b3b-b558-e512c514604f,Occupant,Injured,20945995,56,Not Ejected,Conscious,Entire Body,Driver,Lap Belt,Unknown,Driver,M,,,,
13493922,4846517,2025-09-30T00:00:00.000,17:30,8e2485b4-0232-48bb-b6dc-0942db26daac,Occupant,Unspecified,20946579,,,,,,,,Registrant,F,,,,
13492209,4846355,2025-09-30T00:00:00.000,11:00,2814e0a5-2b8b-498d-a006-1d8d344d2c79,Occupant,Injured,20945618,50,Not Ejected,Shock,Unknown,Driver,Lap Belt,Unknown,Driver,M,,,,
13493580,4846570,2025-09-30T00:00:00.000,17:10,df70fafb-257b-4048-9b35-049d012888f3,Occupant,Unspecified,20946382,88,Not Ejected,Does Not Apply,Does Not Apply,"Front passenger, if two or more persons, including the driver, are in the front seat",Lap Belt & Harness,Does Not Apply,Passenger,M,,,,
13493261,4846619,2025-09-30T00:00:00.000,7:56,1d38b77d-cc80-493b-8597-ee14cc0b2710,Occupant,Unspecified,20946203,0,,,,,,,Registrant,F,,,,
13492938,4846377,2025-09-30T00:00:00.000,10:03,6a94a834-83b0-4006-bd85-c228d3e0b0f3,Occupant,Injured,20946025,48,Not Ejected,Conscious,Neck,Driver,Lap Belt & Harness,Whiplash,Driver,M,,,,
13493542,4846723,2025-09-30T00:00:00.000,21:50,c4bb1fa5-40e3-4fed-afa3-f70a7f41b727,Occupant,Unspecified,20946363,52,,,,,,,Registrant,F,,,,
13493522,4846710,2025-09-30T00:00:00.000,0:00,eace2f3f-1e7f-4ca5-8560-1a0e701892a9,Occupant,Injured,20946354,40,Not Ejected,Conscious,Neck,Driver,None,Complaint of Pain or Nausea,Driver,M,,,,
13494031,4846852,2025-09-30T00:00:00.000,19:25,643b0c6c-46ee-4c71-9018-035f843ad143,Occupant,Unspecified,20946652,3,Not Ejected,Does Not Apply,Does Not Apply,"Front passenger, if two or more persons, including the driver, are in the front seat",Lap Belt & Harness,Does Not Apply,Passenger,M,,,,
13494648,4846776,2025-09-30T00:00:00.000,13:40,d7163297-8e8a-4eb8-b110-84e66bffca2e,Occupant,Unspecified,20946990,35,,,,,,,Registrant,F,,,,
13493539,4846723,2025-09-30T00:00:00.000,21:50,2a2021d2-8440-49d3-8e12-09ed74790133,Occupant,Unspecified,20946364,22,Not Ejected,Does Not Apply,Does Not Apply,"Left rear passenger, or rear passenger on a bicycle, motorcycle, snowmobile",Lap Belt & Harness,Does Not Apply,Passenger,F,,,,
13492500,4846497,2025-09-30T00:00:00.000,20:16,f712719c-dcee-40f3-a549-0ba1de7c65df,Occupant,Unspecified,20945775,,,,,,,,Registrant,,,,,
13492846,4846245,2025-09-30T00:00:00.000,7:05,be8ffda4-1da2-4f1a-a53e-e19fee699b9e,Occupant,Unspecified,20945966,,,,,,,,Registrant,,,,,
13492577,4846361,2025-09-30T00:00:00.000,8:15,fc5fe745-8232-424f-8f66-84dea0fb3914,Occupant,Unspecified,20945815,36,Not Ejected,Does Not Apply,Does Not Apply,Driver,Unknown,Does Not Apply,Driver,M,,,,
13494595,4846996,2025-09-30T00:00:00.000,17:00,078991ad-0578-4bd3-958d-11b05ab9786b,Occupant,Unspecified,20946956,56,,,,,,,Registrant,M,,,,
13492789,4846454,2025-09-30T00:00:00.000,16:35,e598f8c1-5fcd-4c78-a7dc-8adfdcc9fc84,Occupant,Unspecified,20945930,42,,,,,,,Registrant,F,,,,
13493305,4846526,2025-09-30T00:00:00.000,23:00,b95346c5-c37c-4849-91c1-5e3c5941ea67,Occupant,Unspecified,20946228,56,Not Ejected,Does Not Apply,Does Not Apply,Driver,Lap Belt & Harness,Does Not Apply,Driver,M,,,,
13492952,4846383,2025-09-30T00:00:00.000,16:00,2249fe83-b086-424f-b2ca-2b36c5ffe533,Occupant,Unspecified,20946032,7,Not Ejected,Does Not Apply,Does Not Apply,"Left rear passenger, or rear passenger on a bicycle, motorcycle, snowmobile",Lap Belt,Does Not Apply,Passenger,M,,,,
13492774,4846448,2025-09-30T00:00:00.000,18:54,ed913065-d151-4a13-b6a9-a764594dbdd8,Occupant,Injured,20945929,29,Not Ejected,Conscious,Back,Driver,Lap Belt & Harness,None Visible,Driver,F,,,,
13493246,4846563,2025-09-30T00:00:00.000,23:10,1ed0b7ff-0afd-4133-897d-c12a956802dc,Pedestrian,Injured,,41,,Conscious,Entire Body,,,None Visible,Pedestrian,F,Pedestrian/Bicyclist/Other Pedestrian at Intersection,Unknown,Failure to Yield Right-of-Way,Failure to Yield Right-of-Way
13493202,4846522,2025-09-30T00:00:00.000,18:50,8f877eb4-d83d-4a0f-9427-51a3b84595f3,Occupant,Unspecified,20946172,45,Not Ejected,Does Not Apply,Does Not Apply,Driver,Lap Belt & Harness,Does Not Apply,Driver,M,,,,
13494357,4846849,2025-09-30T00:00:00.000,16:18,fd56f0b6-edc3-4a4e-be6e-b8d16fb0b7c5,Occupant,Unspecified,20946827,13,Not Ejected,Does Not Apply,Does Not Apply,"Any person in the rear of a station wagon, pick-up truck, all passengers on a bus, etc",Lap Belt & Harness,Does Not Apply,Passenger,F,,,,
13494046,4846920,2025-09-30T00:00:00.000,10:40,f1875bd8-4dc6-44e1-a05a-89ef711c0040,Occupant,Unspecified,20946659,49,Not Ejected,Does Not Apply,Does Not Apply,Driver,Lap Belt,Does Not Apply,Driver,M,,,,
13492855,4846410,2025-09-30T00:00:00.000,14:00,6e40a4ce-fd5f-47f9-899a-6bd234ed51dc,Occupant,Injured,20945972,42,Not Ejected,Conscious,Entire Body,"Front passenger, if two or more persons, including the driver, are in the front seat",Lap Belt & Harness,Complaint of Pain or Nausea,Passenger,M,,,,
13493349,4846558,2025-09-30T00:00:00.000,15:20,c48472e2-4792-40ac-a0ee-6f6f48f66fb1,Bicyclist,Injured,20946257,26,Partially Ejected,Conscious,Back,Driver,Unknown,Complaint of Pain or Nausea,Driver,F,,,,
13493232,4846581,2025-09-30T00:00:00.000,9:03,e2d0da0f-842a-4cd1-9a09-2bc82b1e9287,Occupant,Unspecified,20946193,,,,,,,,Registrant,,,,,
13494583,4846992,2025-09-30T00:00:00.000,1:20,ce7fa828-b275-4363-931f-b11ea4f9e72e,Occupant,Unspecified,20946951,43,,,,,,,Registrant,F,,,,
13492346,4846327,2025-09-30T00:00:00.000,12:50,b7ea9690-ceec-454a-b3d6-ccc0531c65da,Occupant,Unspecified,20945700,63,,,,,,,Registrant,F,,,,
13494163,4846772,2025-09-30T00:00:00.000,17:07,2b221daa-d164-4252-9945-9c9296261e22,Occupant,Unspecified,20946718,,,,,,,,Registrant,,,,,
13492844,4846245,2025-09-30T00:00:00.000,7:05,8b659a28-4887-417f-a784-77a417129fbc,Occupant,Unspecified,20945967,,,,,,,,Registrant,,,,,
13492587,4846290,2025-09-30T00:00:00.000,10:10,bb6cba4d-d318-4d01-80aa-37c2cee77e6c,Other Motorized,Injured,20945819,39,Ejected,Conscious,Knee-Lower Leg Foot,Driver,None,Complaint of Pain or Nausea,Driver,M,,,,
13492947,4846382,2025-09-30T00:00:00.000,13:02,b9ce1146-2252-41ee-8219-0cb8b0baa655,Occupant,Unspecified,20946028,25,,,,,,,Registrant,M,,,,
13494244,4846830,2025-09-30T00:00:00.000,4:44,539d4371-c85b-4660-84fe-d3c62145620e,Occupant,Unspecified,20946759,44,Not Ejected,Does Not Apply,Does Not Apply,Driver,Lap Belt,Does Not Apply,Driver,M,,,,
13492257,4846496,2025-09-30T00:00:00.000,13:13,3cd3f8fb-f85d-4d82-b70f-f21691610a17,Occupant,Unspecified,20945645,39,,,,,,,Registrant,M,,,,
13494111,4846505,2025-09-30T00:00:00.000,15:46,f1d3b3fc-0d42-4226-b09d-929fed0cf3b0,Occupant,Unspecified,20946694,19,Not Ejected,Does Not Apply,Does Not Apply,"Front passenger, if two or more persons, including the driver, are in the front seat",Unknown,Does Not Apply,Passenger,M,,,,
13493718,4846670,2025-09-30T00:00:00.000,15:00,61b4f472-7a4f-4f94-8c4a-70d90e4126df,Occupant,Unspecified,20946469,75,Not Ejected,Does Not Apply,Does Not Apply,Driver,Lap Belt & Harness,Does Not Apply,Driver,F,,,,
13493578,4846677,2025-09-30T00:00:00.000,11:17,913e5c00-ca69-46f8-92d8-b0023fe1628c,Occupant,Unspecified,20946379,76,,,,,,,Registrant,F,,,,
13492654,4846441,2025-09-30T00:00:00.000,15:30,de3d7df9-fe13-4918-baf4-bab0fcf4294e,Occupant,Unspecified,20945857,31,Not Ejected,Does Not Apply,Does Not Apply,Driver,Lap Belt & Harness,Does Not Apply,Driver,M,,,,
13494425,4846857,2025-09-30T00:00:00.000,22:45,5cab39b1-7cf2-48a2-9c63-dde7085b0c42,Occupant,Unspecified,20946860,32,,,,,,,Registrant,M,,,,
13494233,4846878,2025-09-30T00:00:00.000,19:08,6ea46a37-a446-4e73-9576-75b5a6b739fd,Occupant,Unspecified,20946752,70,Not Ejected,Does Not Apply,Does Not Apply,Driver,Lap Belt & Harness,Does Not Apply,Driver,M,,,,
13493462,4846538,2025-09-30T00:00:00.000,17:00,b1eaeab7-3c8a-4186-8e0c-81eb1f246755,Bicyclist,Unspecified,20946316,29,Not Ejected,Does Not Apply,Does Not Apply,Driver,None,Does Not Apply,Driver,M,,,,
13494774,4846792,2025-09-30T00:00:00.000,16:00,5253a26a-f287-43e2-b9b0-f019ca487eaf,Occupant,Unspecified,20947081,43,,,,,,,Registrant,F,,,,
13492768,4846403,2025-09-30T00:00:00.000,14:50,925b4640-3d92-4ce2-8222-882c89775c1d,Occupant,Injured,20945926,67,Not Ejected,Conscious,Knee-Lower Leg Foot,Driver,Lap Belt,None Visible,Driver,F,,,,
13492579,4846361,2025-09-30T00:00:00.000,8:15,3890e216-9286-46b2-b1f7-ebfcb8c61125,Occupant,Unspecified,20945815,,,,,,,,Registrant,,,,,
13494354,4846849,2025-09-30T00:00:00.000,16:18,e2c612a1-d7d3-4aed-af65-9d8aa935d061,Occupant,Unspecified,20946826,41,Not Ejected,Does Not Apply,Does Not Apply,Driver,Lap Belt & Harness,Does Not Apply,Driver,M,,,,
13492233,4846424,2025-09-30T00:00:00.000,13:48,9fa094be-5431-4aa3-86a4-2ba76821dbb3,Occupant,Unspecified,20945630,52,Not Ejected,Does Not Apply,Does Not Apply,Driver,Lap Belt & Harness,Does Not Apply,Driver,M,,,,
13492779,4846454,2025-09-30T00:00:00.000,16:35,3dae3f6c-0e5e-41fd-a147-6bf11894ef33,Occupant,Unspecified,20945931,13,Not Ejected,Does Not Apply,Does Not Apply,Unknown,Unknown,Does Not Apply,Passenger,F,,,,
13492380,4846488,2025-09-30T00:00:00.000,13:40,5fb326fc-0615-4edb-be71-13f540dae22b,Occupant,Unspecified,20945716,58,,,,,,,Registrant,M,,,,
13493233,4846581,2025-09-30T00:00:00.000,9:03,57012aee-7d27-4e15-ac1b-2656105c3452,Occupant,Unspecified,20946193,43,Not Ejected,Does Not Apply,Does Not Apply,Driver,Lap Belt & Harness,Does Not Apply,Driver,M,,,,
13492232,4846427,2025-09-30T00:00:00.000,12:30,b460045d-cd64-4ef1-b05a-1847abf26f12,Pedestrian,Injured,,44,,Conscious,Neck,,,None Visible,Pedestrian,F,Pedestrian/Bicyclist/Other Pedestrian at Intersection,Does Not Apply,Unspecified,Unspecified
13492096,4846263,2025-09-30T00:00:00.000,8:36,0e0f0e7e-5400-45f0-a472-e3c9025df956,Occupant,Unspecified,20945549,69,,,,,,,Registrant,M,,,,
13493540,4846723,2025-09-30T00:00:00.000,21:50,f15ea777-12e9-4f33-8e95-ec57cdb09898,Occupant,Unspecified,20946364,,,,,,,,Registrant,U,,,,
13494586,4846995,2025-09-30T00:00:00.000,0:00,6be974db-8150-4735-bd9d-2846f621ddb2,Occupant,Unspecified,20946954,84,,,,,,,Registrant,M,,,,
13493413,4846529,2025-09-30T00:00:00.000,21:20,e011b6df-5c01-4fa9-9536-61dd1f6abc7a,Occupant,Unspecified,20946288,,,,,,,,Registrant,,,,,
13491951,4846434,2025-09-30T00:00:00.000,17:17,f3173faf-3e12-4cf9-a925-24f30ade5003,Occupant,Unspecified,20945470,38,,,,,,,Registrant,M,,,,
13494034,4846852,2025-09-30T00:00:00.000,19:25,9d811acc-48be-4ecb-aa09-de25790db36c,Occupant,Unspecified,20946651,37,Not Ejected,Does Not Apply,Does Not Apply,"Front passenger, if two or more persons, including the driver, are in the front seat",Lap Belt & Harness,Does Not Apply,Passenger,M,,,,
13493827,4846513,2025-09-30T00:00:00.000,3:15,15307505-5f8c-44e3-85d3-b09580455853,Occupant,Unspecified,20946531,26,Not Ejected,Does Not Apply,Does Not Apply,"Front passenger, if two or more persons, including the driver, are in the front seat",Lap Belt & Harness,Does Not Apply,Passenger,M,,,,
13494509,4846962,2025-09-30T00:00:00.000,15:53,ad4073d9-0413-433e-997e-f2a471c8949b,Occupant,Unspecified,20946910,38,,,,,,,Registrant,M,,,,
13492234,4846424,2025-09-30T00:00:00.000,13:48,042820a0-0639-4577-8daa-c97543fd7c57,Occupant,Unspecified,20945631,31,,,,,,,Registrant,F,,,,
13492787,4846454,2025-09-30T00:00:00.000,16:35,9ef282a8-5caa-4d90-979c-26d71480e869,Occupant,Unspecified,20945931,,,,,,,,Registrant,,,,,
13493607,4846594,2025-09-30T00:00:00.000,22:45,92d26e55-3f79-4487-a04a-64103e93d4db,Occupant,Unspecified,20946406,31,,,,,,,Registrant,M,,,,
13492769,4846403,2025-09-30T00:00:00.000,14:50,605c63b0-7462-4afa-80b9-d4cc43a67dea,Occupant,Injured,20945927,18,Not Ejected,Conscious,Hip-Upper Leg,Driver,None,Fracture - Distorted - Dislocation,Driver,M,,,,
13494036,4846783,2025-09-30T00:00:00.000,20:29,df4da295-fe1e-4628-a325-b2f6af33036b,Occupant,Unspecified,20946653,36,Not Ejected,Does Not Apply,Does Not Apply,Driver,Unknown,Does Not Apply,Driver,M,,,,
13492542,4846444,2025-09-30T00:00:00.000,12:56,adae21ce-8bc5-4305-9ec9-22542154440c,Occupant,Injured,20945794,19,Not Ejected,Conscious,Back,Driver,Lap Belt & Harness,Complaint of Pain or Nausea,Driver,M,,,,
13494128,4846902,2025-09-30T00:00:00.000,8:10,b4ae8d98-bc93-460c-be6a-6168a52a3964,Occupant,Unspecified,20946704,43,Not Ejected,Does Not Apply,Does Not Apply,Driver,Lap Belt & Harness,Does Not Apply,Driver,M,,,,
13494231,4846873,2025-09-30T00:00:00.000,11:40,9617682a-1f0c-4f3f-9ca8-9b496af2ad21,Occupant,Unspecified,20946751,44,Not Ejected,Does Not Apply,Does Not Apply,Driver,Lap Belt & Harness,Does Not Apply,Driver,F,,,,
13493307,4846526,2025-09-30T00:00:00.000,23:00,d5fb87e3-30e2-4129-bf8e-985850b1d86a,Occupant,Unspecified,20946228,56,,,,,,,Registrant,M,,,,
13492886,4846478,2025-09-30T00:00:00.000,15:50,80c51837-69a2-4dbc-8399-6077bc5bdfc8,Occupant,Unspecified,20945993,27,Not Ejected,Does Not Apply,Does Not Apply,Driver,Lap Belt & Harness,Does Not Apply,Driver,M,,,,
13493859,4846512,2025-09-30T00:00:00.000,15:25,f0bcba22-e8c9-4f8f-933a-5ef1e32a4589,Occupant,Unspecified,20946544,60,,,,,,,Registrant,M,,,,
13493604,4846742,2025-09-30T00:00:00.000,16:30,3a69945a-7b88-4d8f-bef9-5c551c33ddd3,Occupant,Unspecified,20946400,45,,,,,,,Registrant,M,,,,
13493337,4846750,2025-09-30T00:00:00.000,23:24,05d7e965-7109-4d68-a30f-32d00c61c1c3,Occupant,Unspecified,20946248,20,Not Ejected,Does Not Apply,Does Not Apply,"Front passenger, if two or more persons, including the driver, are in the front seat",Unknown,Does Not Apply,Passenger,M,,,,
13493252,4846733,2025-09-30T00:00:00.000,12:24,65666652-1502-4c2b-91dc-9656c192ec78,Occupant,Unspecified,20946202,25,Not Ejected,Does Not Apply,Does Not Apply,Driver,Lap Belt & Harness,Does Not Apply,Driver,M,,,,
13493610,4846676,2025-09-30T00:00:00.000,13:00,0d2905e1-ec0b-401e-8473-552090b5a5f0,Occupant,Injured,20946411,43,Not Ejected,Conscious,Head,Driver,Unknown,None Visible,Passenger,M,,,,
13494037,4846783,2025-09-30T00:00:00.000,20:29,7a43a043-9a26-4d42-8451-2ff9b024b3e0,Occupant,Unspecified,20946654,20,Not Ejected,Does Not Apply,Does Not Apply,Driver,Unknown,Does Not Apply,Driver,F,,,,
13494365,4846849,2025-09-30T00:00:00.000,16:18,595f6521-69c9-4c7f-baa9-681e46c2a231,Occupant,Unspecified,20946826,41,,,,,,,Registrant,M,,,,
13493237,4846582,2025-09-30T00:00:00.000,17:49,89968ecd-0512-41d5-980a-50d86262c592,Other Motorized,Injured,20946195,62,Partially Ejected,Conscious,Elbow-Lower-Arm-Hand,Driver,Unknown,Contusion - Bruise,Driver,M,,,,
13493282,4846609,2025-09-30T00:00:00.000,16:45,806bf0a4-6168-44d2-a1c5-f0cba7982d85,Occupant,Unspecified,20946219,40,Not Ejected,Does Not Apply,Does Not Apply,Driver,Lap Belt & Harness,Does Not Apply,Driver,M,,,,
13492588,4846485,2025-09-30T00:00:00.000,9:07,cc5af1c3-4048-4727-a7a5-e4b1bff5c112,Occupant,Unspecified,20945821,30,Not Ejected,Does Not Apply,Does Not Apply,Driver,Lap Belt & Harness,Does Not Apply,Driver,F,,,,
13493492,4846694,2025-09-30T00:00:00.000,15:59,3231d843-88c6-4f07-9b91-eb67eaf74fc2,Bicyclist,Unspecified,20946333,66,Not Ejected,Does Not Apply,Does Not Apply,Unknown,None,Does Not Apply,Driver,M,,,,
13492852,4846303,2025-09-30T00:00:00.000,8:38,1d7bc22e-a53d-4e45-966b-97325a8de581,Occupant,Unspecified,20945971,30,,,,,,,Registrant,M,,,,
13493537,4846723,2025-09-30T00:00:00.000,21:50,85789ae6-6f07-4fa2-936a-f5b700b57b8f,Occupant,Unspecified,20946365,,,,,,,,Registrant,U,,,,
13492585,4846458,2025-09-30T00:00:00.000,17:45,a023c35c-fe9a-4bbe-a59f-2e02efd2cfca,Occupant,Unspecified,20945818,43,Not Ejected,Does Not Apply,Does Not Apply,Driver,Unknown,Does Not Apply,Driver,M,,,,
13493056,4846691,2025-09-30T00:00:00.000,17:33,e858c314-7b3b-4edc-b232-dbf52c425b45,Occupant,Unspecified,20946090,44,Not Ejected,Does Not Apply,Does Not Apply,Driver,None,Does Not Apply,Driver,M,,,,
13492784,4846454,2025-09-30T00:00:00.000,16:35,7214a27a-8adf-494f-9fe0-4afc013816e5,Occupant,Unspecified,20945931,11,Not Ejected,Does Not Apply,Does Not Apply,Unknown,Unknown,Does Not Apply,Passenger,F,,,,
13492957,4846414,2025-09-30T00:00:00.000,19:33,cb05023b-3306-4bdf-ae71-60df78a2dbe2,Occupant,Injured,20946033,11,Not Ejected,Conscious,Head,"Front passenger, if two or more persons, including the driver, are in the front seat",Lap Belt & Harness,Contusion - Bruise,Passenger,M,,,,
13492350,4846435,2025-09-30T00:00:00.000,20:07,9993b252-2ad0-4468-883e-a407072a8c78,Occupant,Unspecified,20945702,37,Not Ejected,Does Not Apply,Does Not Apply,Driver,Lap Belt & Harness,Does Not Apply,Driver,M,,,,
13493850,4846583,2025-09-30T00:00:00.000,11:35,9e27da20-3de6-4729-b6b9-1026a3c7b91e,Occupant,Unspecified,20946541,41,,,,,,,Registrant,M,,,,
13492777,4846454,2025-09-30T00:00:00.000,16:35,e6837db5-39d5-4298-ba9f-62eb15d0036f,Occupant,Unspecified,20945931,7,Not Ejected,Does Not Apply,Does Not Apply,Unknown,Unknown,Does Not Apply,Passenger,F,,,,
13492934,4846374,2025-09-30T00:00:00.000,9:05,3986a137-d1ff-4d48-937f-93b8e437d7bd,Occupant,Unspecified,20946023,49,Not Ejected,Does Not Apply,Does Not Apply,Driver,Lap Belt,Does Not Apply,Driver,M,,,,
13491975,4846500,2025-09-30T00:00:00.000,16:36,e2a006ff-02b4-4a0b-9b69-757da2cd1494,Occupant,Unspecified,20945487,42,,,,,,,Registrant,F,,,,
13493524,4846710,2025-09-30T00:00:00.000,0:00,04e783c8-2981-40fe-8e80-c306f8e95d09,Occupant,Unspecified,20946354,40,,,,,,,Registrant,M,,,,
13492376,4846461,2025-09-30T00:00:00.000,13:30,616d0942-0c08-45d0-8021-c8b1568088ec,Occupant,Unspecified,20945714,48,,,,,,,Registrant,M,,,,
13494688,4846841,2025-09-30T00:00:00.000,6:30,f1baa55a-1113-48b6-baa3-15bc4d835fc8,Occupant,Unspecified,20947016,51,,,,,,,Registrant,M,,,,
13493653,4846438,2025-09-30T00:00:00.000,17:58,82623460-e825-47ad-98f5-c7bd33a3b84a,Occupant,Unspecified,20946432,63,,,,,,,Registrant,M,,,,
13493583,4846570,2025-09-30T00:00:00.000,17:10,4fbae341-d352-4c33-85a3-4cd9b8094052,Occupant,Unspecified,20946381,,,,,,,,Registrant,,,,,
13493787,4846712,2025-09-30T00:00:00.000,14:02,ab083e2b-18a2-40eb-b3b3-128c34db92c3,Occupant,Unspecified,20946511,55,,,,,,,Registrant,M,,,,
13492931,4846373,2025-09-30T00:00:00.000,7:00,3f1b8cba-0d70-43af-84e9-0e0b9c59ab6e,Occupant,Unspecified,20946020,36,Not Ejected,Does Not Apply,Does Not Apply,"Front passenger, if two or more persons, including the driver, are in the front seat",Lap Belt,Does Not Apply,Passenger,M,,,,
13493253,4846733,2025-09-30T00:00:00.000,12:24,3a3ef9b5-20f9-4ec0-9597-6cacf9783014,Occupant,Injured,20946201,47,Not Ejected,Unknown,Chest,"Front passenger, if two or more persons, including the driver, are in the front seat",Lap Belt & Harness,Unknown,Passenger,F,,,,
13494653,4846778,2025-09-30T00:00:00.000,16:30,c07b0101-d83e-4b87-950e-5b1ff521d28f,Occupant,Unspecified,20946993,48,,,,,,,Registrant,M,,,,
13491974,4846500,2025-09-30T00:00:00.000,16:36,09452256-754f-4125-9c94-f4098f2ecdd1,Occupant,Injured,20945488,13,Not Ejected,Conscious,Knee-Lower Leg Foot,Driver,None,Minor Bleeding,Driver,M,,,,
13492649,4846385,2025-09-30T00:00:00.000,9:00,8b37aef2-48a3-4e24-b845-944689e2c354,Pedestrian,Injured,,36,,Conscious,Entire Body,,,Complaint of Pain or Nausea,Pedestrian,M,Pedestrian/Bicyclist/Other Pedestrian Not at Intersection,"Crossing, No Signal, or Crosswalk",Pedestrian/Bicyclist/Other Pedestrian Error/Confusion,Pedestrian/Bicyclist/Other Pedestrian Error/Confusion
13492103,4846357,2025-09-30T00:00:00.000,13:00,05a2ddcf-8eb7-4922-8b40-9e3772e52087,Occupant,Unspecified,20945553,66,Not Ejected,Does Not Apply,Does Not Apply,Driver,Lap Belt,Does Not Apply,Driver,M,,,,
13492378,4846488,2025-09-30T00:00:00.000,13:40,c97055dd-3f41-4bfb-ae5d-e8d28e5f9bd5,Occupant,Unspecified,20945717,42,,,,,,,Registrant,M,,,,
13492340,4846312,2025-09-30T00:00:00.000,10:48,4b4b9a2c-e0c9-418c-a468-5b815470e90e,Occupant,Unspecified,20945698,36,,,,,,,Registrant,M,,,,
13493576,4846677,2025-09-30T00:00:00.000,11:17,76c0022e-b9d5-44fb-87ce-14ab79b3d1e5,Occupant,Injured,20946379,69,Not Ejected,Shock,Neck,Driver,Lap Belt & Harness,Complaint of Pain or Nausea,Driver,F,,,,
13492541,4846444,2025-09-30T00:00:00.000,12:56,71d866e1-ba97-4092-8aee-16325887ebab,Occupant,Unspecified,20945794,,,,,,,,Registrant,F,,,,
13493825,4846513,2025-09-30T00:00:00.000,3:15,220d3d8e-dd36-42e1-b22f-676e93da1a96,Occupant,Unspecified,20946531,26,Not Ejected,Does Not Apply,Does Not Apply,"Middle rear seat, or passenger lying across a seat",Unknown,Does Not Apply,Passenger,M,,,,
13493835,4846674,2025-09-30T00:00:00.000,19:50,aa6520e9-2530-4c5f-b224-5ab89bc4cc85,Pedestrian,Injured,,50,,Conscious,Shoulder - Upper Arm,,,Complaint of Pain or Nausea,Pedestrian,F,Pedestrian/Bicyclist/Other Pedestrian Not at Intersection,"Crossing, No Signal, or Crosswalk",Unspecified,Unspecified
13492317,4846464,2025-09-30T00:00:00.000,14:17,89171b4b-de98-4bc6-b669-c8bdeba2a80d,Occupant,Unspecified,20945680,45,,,,,,,Registrant,M,,,,
13492501,4846497,2025-09-30T00:00:00.000,20:16,30e2c7c5-dd6c-495e-a7ff-eff6a538529b,Occupant,Unspecified,20945775,26,Not Ejected,Does Not Apply,Does Not Apply,Driver,Lap Belt,Does Not Apply,Driver,M,,,,
13492434,4846257,2025-09-30T00:00:00.000,7:55,5df48a04-f165-4a4f-b0e5-20bccc4904bf,Occupant,Unspecified,20945742,42,,,,,,,Registrant,M,,,,
13492421,4846295,2025-09-30T00:00:00.000,8:55,8df1a631-6f2f-4c0e-9ac7-889f2a3142af,Occupant,Unspecified,20945733,66,,,,,,,Registrant,M,,,,
13492939,4846377,2025-09-30T00:00:00.000,10:03,16dd2530-2dbb-4f5f-947a-c74498b01dd0,Occupant,Unspecified,20946025,48,,,,,,,Registrant,M,,,,
13493831,4846513,2025-09-30T00:00:00.000,3:15,fe1868b9-466e-4f92-8407-1761ac2bcfb1,Occupant,Unspecified,20946530,30,Not Ejected,Does Not Apply,Does Not Apply,"Left rear passenger, or rear passenger on a bicycle, motorcycle, snowmobile",Unknown,Does Not Apply,Passenger,F,,,,
13493351,4846558,2025-09-30T00:00:00.000,15:20,4561d44f-fc10-455d-9c68-3a1bdb39f801,Occupant,Unspecified,20946258,42,Not Ejected,Does Not Apply,Does Not Apply,Driver,Lap Belt & Harness,Does Not Apply,Driver,M,,,,
13491973,4846500,2025-09-30T00:00:00.000,16:36,44e36e45-10e6-4d43-99b3-8e2ff23e799f,Occupant,Unspecified,20945487,42,Not Ejected,Does Not Apply,Does Not Apply,Driver,Lap Belt,Does Not Apply,Driver,F,,,,
13494647,4846776,2025-09-30T00:00:00.000,13:40,d62adbfb-2b73-462b-ad7c-b9ffb1e479e9,Occupant,Unspecified,20946990,35,Not Ejected,Does Not Apply,Does Not Apply,Driver,Unknown,Does Not Apply,Driver,F,,,,
13493053,4846689,2025-09-30T00:00:00.000,13:30,95572550-2efe-4c52-8815-9be3a388f0e0,Occupant,Unspecified,20946087,64,Not Ejected,Does Not Apply,Does Not Apply,Driver,Unknown,Does Not Apply,Driver,M,,,,
13493611,4846676,2025-09-30T00:00:00.000,13:00,9aa76d35-c78b-4c44-b4b1-9c1bf90af56b,Occupant,Unspecified,20946411,,,,,,,,Registrant,M,,,,
13492084,4846401,2025-09-30T00:00:00.000,9:03,a2e060f9-7dc6-4c13-a25b-5eb64dd939a7,Bicyclist,Injured,20945544,31,Ejected,Conscious,Neck,Driver,None,Internal,Driver,M,,,,
13492422,4846392,2025-09-30T00:00:00.000,15:52,cd6977bd-6137-4d77-939b-505f4725390e,Occupant,Unspecified,20945735,52,Not Ejected,Does Not Apply,Does Not Apply,Driver,None,Does Not Apply,Driver,M,,,,
13492781,4846454,2025-09-30T00:00:00.000,16:35,b24547e1-a812-4507-9811-f3c7a36ace08,Occupant,Unspecified,20945931,12,Not Ejected,Does Not Apply,Does Not Apply,Unknown,Unknown,Does Not Apply,Passenger,F,,,,
13494796,4846907,2025-09-30T00:00:00.000,22:50,1beb4025-f986-44f4-a59d-90257424ba33,Occupant,Unspecified,20947094,35,,,,,,,Registrant,M,,,,
13493411,4846529,2025-09-30T00:00:00.000,21:20,b410f905-55b2-4fcf-b260-a6e1d3371fe0,Occupant,Unspecified,20946289,51,,,,,,,Registrant,F,,,,
13492258,4846493,2025-09-30T00:00:00.000,23:20,d8eae052-0132-4451-beb7-cd4f3e31feaf,Bicyclist,Injured,20945648,44,Ejected,Conscious,Knee-Lower Leg Foot,Driver,Unknown,Abrasion,Driver,M,,,,
13493834,4846674,2025-09-30T00:00:00.000,19:50,be9dba11-bfb8-4843-a737-eae75ff8da5f,Occupant,Unspecified,20946533,28,Not Ejected,Does Not Apply,Does Not Apply,Driver,Lap Belt & Harness,Does Not Apply,Driver,M,,,,
13492888,4846478,2025-09-30T00:00:00.000,15:50,2fa2cf29-033f-4899-9345-80add638ac42,Occupant,Injured,20945992,24,Not Ejected,Conscious,Abdomen - Pelvis,"Front passenger, if two or more persons, including the driver, are in the front seat",Lap Belt & Harness,Complaint of Pain or Nausea,Passenger,F,,,,
13494026,4846850,2025-09-30T00:00:00.000,11:45,9a13f60c-3c75-4df9-a203-d18ebb60598b,Occupant,Unspecified,20946647,,,,,,,,Registrant,U,,,,
13494713,4846818,2025-09-30T00:00:00.000,9:25,89b2000d-1bd1-4511-acf4-707646f30462,Occupant,Unspecified,20947038,50,Not Ejected,Does Not Apply,Does Not Apply,Driver,Lap Belt & Harness,Does Not Apply,Driver,F,,,,
13492372,4846443,2025-09-30T00:00:00.000,14:35,2e585c51-d594-4161-ad35-6f920249737a,Occupant,Unspecified,20945713,,,,,,,,Registrant,,,,,
13491971,4846299,2025-09-30T00:00:00.000,0:00,4f796934-f9ad-4cfb-b818-645377d0c775,Occupant,Injured,20945486,50,Not Ejected,Conscious,Knee-Lower Leg Foot,Driver,Helmet (Motorcycle Only),Contusion - Bruise,Driver,M,,,,
13494318,4846814,2025-09-30T00:00:00.000,6:22,277304d8-493a-41e0-b68f-a591e9c979e5,Occupant,Unspecified,,,,,,,,,Witness,,,,,
13493255,4846619,2025-09-30T00:00:00.000,7:56,e12953f2-0e06-48e8-899d-0ba26f6160ec,Occupant,Injured,20946203,26,Not Ejected,Conscious,Back,Driver,Lap Belt & Harness,Complaint of Pain or Nausea,Driver,M,,,,
13492102,4846357,2025-09-30T00:00:00.000,13:00,f96cc2be-83bf-45f8-bb51-9eec87f57da0,Occupant,Unspecified,20945553,,,,,,,,Registrant,,,,,
13492425,4846392,2025-09-30T00:00:00.000,15:52,b03d939e-dc91-4182-8f4b-07430525ee03,Occupant,Unspecified,20945736,27,Not Ejected,Does Not Apply,Does Not Apply,Driver,Unknown,Does Not Apply,Driver,M,,,,
13491968,4846499,2025-09-30T00:00:00.000,14:20,d35e06bb-395b-494b-90d0-df79f5a5e590,Occupant,Unspecified,20945483,60,,,,,,,Registrant,M,,,,
13493709,4846574,2025-09-30T00:00:00.000,9:40,50f35cb7-e701-4d24-81b5-f742acca7b42,Occupant,Unspecified,20946463,38,Not Ejected,Does Not Apply,Does Not Apply,Driver,Unknown,Does Not Apply,Driver,M,,,,
13493231,4846581,2025-09-30T00:00:00.000,9:03,c914750a-1d49-4559-9b6f-ffff1ae6ee57,Occupant,Unspecified,20946192,29,Not Ejected,Does Not Apply,Does Not Apply,Driver,Lap Belt & Harness,Does Not Apply,Driver,F,,,,
13492239,4846407,2025-09-30T00:00:00.000,14:01,b58d215a-98f2-4fd8-a54a-20d90da8fd4c,Occupant,Unspecified,20945633,29,Not Ejected,Does Not Apply,Does Not Apply,Driver,Lap Belt & Harness,Does Not Apply,Driver,M,,,,
13493849,4846583,2025-09-30T00:00:00.000,11:35,d5cd2f2d-ef1b-4d42-ad79-c40ac8f4ba38,Occupant,Unspecified,20946541,41,Not Ejected,Does Not Apply,Does Not Apply,Driver,Lap Belt & Harness,Does Not Apply,Driver,M,,,,
13492554,4846445,2025-09-30T00:00:00.000,21:00,5acc4f7a-710e-4cd9-8ae1-c074ef151598,Bicyclist,Injured,20945802,51,Not Ejected,Shock,Elbow-Lower-Arm-Hand,Driver,None,None Visible,Driver,M,,,,
13492083,4846401,2025-09-30T00:00:00.000,9:03,fd8935c5-8f32-4b34-b40b-1c3376a6cb1e,Occupant,Unspecified,20945543,37,Not Ejected,Does Not Apply,Does Not Apply,Driver,Lap Belt,Does Not Apply,Driver,M,,,,
13494795,4846907,2025-09-30T00:00:00.000,22:50,5bc40d15-0cc4-4973-ab5a-24e7b05948d1,Bicyclist,Injured,20947095,32,Not Ejected,Conscious,Knee-Lower Leg Foot,Driver,Helmet Only (In-Line Skater/Bicyclist),Complaint of Pain or Nausea,Driver,M,,,,
13492315,4846464,2025-09-30T00:00:00.000,14:17,a843dfaf-6cfc-45bf-a0ad-cc3388b31528,Occupant,Unspecified,20945681,33,,,,,,,Registrant,U,,,,
13492772,4846448,2025-09-30T00:00:00.000,18:54,2e41939a-8ec9-4e5c-9346-49cc59771402,Occupant,Unspecified,20945929,32,Not Ejected,Does Not Apply,Does Not Apply,"Front passenger, if two or more persons, including the driver, are in the front seat",Lap Belt & Harness,Does Not Apply,Passenger,F,,,,
13494767,4846796,2025-09-30T00:00:00.000,7:20,88609621-a701-4eb9-bd62-8e07ee3eadad,Occupant,Unspecified,20947077,24,,,,,,,Registrant,M,,,,
13492419,4846295,2025-09-30T00:00:00.000,8:55,a4f79bfa-bc77-4b7d-848a-b4cc1bccda7b,Occupant,Unspecified,20945734,,,,,,,,Registrant,U,,,,
13491947,4846434,2025-09-30T00:00:00.000,17:17,8c9fd62e-ab52-42f0-92db-1748c5fa0a1d,Occupant,Unspecified,20945472,,,,,,,,Registrant,F,,,,
13492235,4846424,2025-09-30T00:00:00.000,13:48,6ac03038-af1b-4387-81fd-fff7ac2b1eae,Occupant,Unspecified,20945632,33,,,,,,,Registrant,F,,,,
13493828,4846513,2025-09-30T00:00:00.000,3:15,27c9deb4-9a97-4dce-b6d7-21c238a4e5f8,Occupant,Unspecified,20946531,26,,,,,,,Registrant,M,,,,
13492954,4846414,2025-09-30T00:00:00.000,19:33,22c4cc66-c629-4ff7-9030-d42eab9f45c2,Occupant,Injured,20946033,39,Not Ejected,Conscious,Head,Driver,Lap Belt & Harness,Contusion - Bruise,Driver,F,,,,
13492498,4846349,2025-09-30T00:00:00.000,1:55,ea2316f4-b5b0-4c9e-8de9-2cdbfc8241b0,Occupant,Unspecified,20945772,47,,,,,,,Registrant,M,,,,
13493199,4846549,2025-09-30T00:00:00.000,15:32,3fe5e23d-21cb-48d0-846e-9ad76b8a7002,Occupant,Unspecified,20946170,50,Not Ejected,Does Not Apply,Does Not Apply,Driver,Unknown,Does Not Apply,Driver,M,,,,
13492578,4846361,2025-09-30T00:00:00.000,8:15,b2d2fcf1-11c3-4201-b4a7-a80703340de9,Pedestrian,Injured,,39,,Conscious,Elbow-Lower-Arm-Hand,,,Contusion - Bruise,Pedestrian,M,Pedestrian/Bicyclist/Other Pedestrian Not at Intersection,Other Actions in Roadway,Unspecified,Unspecified
13492832,4846501,2025-09-30T00:00:00.000,8:00,2d2d0ca7-f972-40a7-a7f4-20b71f57d2bc,Occupant,Injured,,35,Ejected,Conscious,Entire Body,Unknown,Helmet/Other (In-Line Skater/Bicyclist),Complaint of Pain or Nausea,Other,F,Pedestrian/Bicyclist/Other Pedestrian Not at Intersection,Other Actions in Roadway,Unspecified,Unspecified
13494232,4846873,2025-09-30T00:00:00.000,11:40,2efd800b-9faf-43f6-b77c-1255e0082b33,Occupant,Unspecified,20946750,,,,,,,,Registrant,U,,,,
13492314,4846464,2025-09-30T00:00:00.000,14:17,ff339915-87cd-4d29-95e9-69fc466be042,Occupant,Unspecified,20945680,45,Not Ejected,Does Not Apply,Does Not Apply,Driver,Unknown,Does Not Apply,Driver,M,,,,
13494589,4846997,2025-09-30T00:00:00.000,16:01,1e20a191-30ff-493f-960f-efb9c0c518f5,Pedestrian,Injured,,15,,Conscious,Face,,,Minor Burn,Pedestrian,M,Pedestrian/Bicyclist/Other Pedestrian at Intersection,"Crossing, No Signal, Marked Crosswalk",Unspecified,Unspecified
13494455,4846800,2025-09-30T00:00:00.000,10:50,66f6c685-e6a9-4e23-a613-2602056cc259,Occupant,Unspecified,20946876,66,,,,,,,Registrant,M,,,,
13494038,4846783,2025-09-30T00:00:00.000,20:29,b9a2ba46-a3b2-4697-85ee-f22f91a99c41,Occupant,Unspecified,20946653,36,,,,,,,Registrant,M,,,,
13493646,4846635,2025-09-30T00:00:00.000,0:20,8a4d7a26-6632-4d04-b848-a009363c8294,Occupant,Unspecified,20946428,25,,,,,,,Registrant,M,,,,
13493247,4846563,2025-09-30T00:00:00.000,23:10,d75e2631-d1aa-4caf-bd2a-6996fd238f5c,Occupant,Unspecified,,,,,,,,,Witness,,,,,
13493287,4846609,2025-09-30T00:00:00.000,16:45,14b304b6-45e5-4fa3-9583-3be0ee60bbb5,Occupant,Unspecified,20946218,11,Not Ejected,Does Not Apply,Does Not Apply,"Any person in the rear of a station wagon, pick-up truck, all passengers on a bus, etc",Lap Belt,Does Not Apply,Passenger,M,,,,
13494580,4846992,2025-09-30T00:00:00.000,1:20,bf51d1e9-63d7-4995-a21b-bf51219de611,Occupant,Unspecified,20946951,25,Not Ejected,Does Not Apply,Does Not Apply,Driver,Unknown,Does Not Apply,Driver,M,,,,
13492944,4846382,2025-09-30T00:00:00.000,13:02,f6dc01f9-0202-4fa9-bef3-f6676e721167,Occupant,Unspecified,,,,,,,,,Witness,,,,,
13494359,4846849,2025-09-30T00:00:00.000,16:18,e641aef7-408d-46a2-8d4a-9d96ce52fc88,Occupant,Unspecified,20946827,11,Not Ejected,Does Not Apply,Does Not Apply,"Any person in the rear of a station wagon, pick-up truck, all passengers on a bus, etc",Lap Belt & Harness,Does Not Apply,Passenger,F,,,,
13493289,4846609,2025-09-30T00:00:00.000,16:45,3868bbe7-c02e-48e3-b001-0ba3ed468aca,Occupant,Unspecified,20946218,9,Not Ejected,Does Not Apply,Does Not Apply,"Any person in the rear of a station wagon, pick-up truck, all passengers on a bus, etc",Lap Belt,Does Not Apply,Passenger,M,,,,
13494794,4846907,2025-09-30T00:00:00.000,22:50,d8968dab-e7ab-4fac-ae64-15c2be9811ed,Occupant,Unspecified,20947094,24,Not Ejected,Does Not Apply,Does Not Apply,Driver,Unknown,Does Not Apply,Driver,M,,,,
13494622,4846864,2025-09-30T00:00:00.000,10:00,a3f84e7d-a9cb-4c9f-9f41-4c630b8ad69d,Occupant,Unspecified,20946977,49,Not Ejected,Does Not Apply,Does Not Apply,Driver,Lap Belt & Harness,Does Not Apply,Driver,M,,,,
13492384,4846489,2025-09-30T00:00:00.000,14:32,26890a36-7d57-4a58-b869-c1db42c8cb1b,Occupant,Injured,20945720,31,Not Ejected,Conscious,Neck,Driver,Lap Belt,None Visible,Driver,M,,,,
13494773,4846792,2025-09-30T00:00:00.000,16:00,d886ca4a-572c-49a9-8841-d31c54fdf328,Occupant,Unspecified,20947082,,,,,,,,Registrant,,,,,
13494363,4846849,2025-09-30T00:00:00.000,16:18,de1f9e66-86a2-4881-bf9b-b9fdd81e095d,Occupant,Unspecified,20946827,,,,,,,,Registrant,,,,,
13492551,4846446,2025-09-30T00:00:00.000,18:23,5118dafa-44c9-4812-ba27-aa15a7e9a73d,Occupant,Unspecified,20945799,46,Not Ejected,Does Not Apply,Does Not Apply,Driver,Lap Belt,Does Not Apply,Driver,F,,,,
13492948,4846413,2025-09-30T00:00:00.000,13:44,5498c991-ee3c-4002-8287-032b489cd6ce,Occupant,Unspecified,20946030,36,Not Ejected,Does Not Apply,Does Not Apply,Driver,Lap Belt,Does Not Apply,Driver,M,,,,
13492426,4846392,2025-09-30T00:00:00.000,15:52,1bf99d83-9227-4cec-9ae0-1e42174e1fe9,Occupant,Unspecified,20945735,31,Not Ejected,Does Not Apply,Does Not Apply,"Front passenger, if two or more persons, including the driver, are in the front seat",Unknown,Does Not Apply,Passenger,M,,,,
13493667,4846592,2025-09-30T00:00:00.000,15:20,55773f36-adaa-4e22-a207-7b93b86f1c19,Occupant,Unspecified,20946442,43,Not Ejected,Does Not Apply,Does Not Apply,Driver,Lap Belt & Harness,Does Not Apply,Driver,M,,,,
13494160,4846772,2025-09-30T00:00:00.000,17:07,75cf5cec-9f17-4cb7-8e06-8d1f81820b59,Occupant,Unspecified,20946717,6,Not Ejected,Does Not Apply,Does Not Apply,Right rear passenger or motorcycle sidecar passenger,Lap Belt & Harness,Does Not Apply,Passenger,F,,,,
13492640,4846256,2025-09-30T00:00:00.000,6:30,51d373e9-0e12-407b-a758-94fde78a3a59,Occupant,Unspecified,20945851,37,,,,,,,Registrant,M,,,,
13492641,4846256,2025-09-30T00:00:00.000,6:30,b6f6a8c8-d603-4398-b0de-933044b54787,Occupant,Unspecified,20945851,37,Not Ejected,Does Not Apply,Does Not Apply,Driver,Lap Belt & Harness,Does Not Apply,Driver,M,,,,
13493581,4846570,2025-09-30T00:00:00.000,17:10,d940b65b-a5b7-4d08-894e-349ba8c4280c,Occupant,Unspecified,20946382,62,,,,,,,Registrant,F,,,,
13492644,4846260,2025-09-30T00:00:00.000,6:31,e6d8eb50-d29b-40e4-9a43-8e599482a05e,Pedestrian,Injured,,16,,Conscious,Neck,,,Complaint of Pain or Nausea,Pedestrian,M,Pedestrian/Bicyclist/Other Pedestrian at Intersection,"Crossing, No Signal, Marked Crosswalk",Driver Inattention/Distraction,Failure to Yield Right-of-Way
13494358,4846849,2025-09-30T00:00:00.000,16:18,027a0feb-4d50-4299-acf5-77f42234b9a4,Occupant,Unspecified,20946827,11,Not Ejected,Does Not Apply,Does Not Apply,"Any person in the rear of a station wagon, pick-up truck, all passengers on a bus, etc",Lap Belt & Harness,Does Not Apply,Passenger,F,,,,
13492424,4846392,2025-09-30T00:00:00.000,15:52,d53bbd86-c6c6-4bc8-9530-cddea2a505a2,Occupant,Unspecified,20945736,27,,,,,,,Registrant,F,,,,
13492848,4846302,2025-09-30T00:00:00.000,8:30,5ac9fa43-eb54-495d-b13a-c2e2de233975,Occupant,Unspecified,20945969,52,,,,,,,Registrant,M,,,,
13493248,4846563,2025-09-30T00:00:00.000,23:10,7bda272b-5695-4383-826a-b70827f4790a,Bicyclist,Unspecified,20946200,20,Not Ejected,Does Not Apply,Does Not Apply,Driver,None,Does Not Apply,Passenger,M,,,,
13492099,4846476,2025-09-30T00:00:00.000,16:51,83787169-5ebc-4c86-bd90-7d0457b5912f,Occupant,Unspecified,20945551,20,,,,,,,Registrant,M,,,,
13492890,4846480,2025-09-30T00:00:00.000,19:42,0ff20dbe-883f-4626-9415-aa31f14d3a9b,Occupant,Unspecified,20945994,63,,,,,,,Registrant,M,,,,
13491967,4846499,2025-09-30T00:00:00.000,14:20,7156d3f4-b571-4b18-9986-8382be61a4f4,Occupant,Unspecified,20945484,12,Not Ejected,Does Not Apply,Does Not Apply,Driver,Lap Belt,Does Not Apply,Driver,M,,,,
13491731,4846209,2025-09-30T00:00:00.000,2:05,5ace12ad-7103-43b3-b8b1-1b1106c3b81f,Occupant,Injured,20945360,52,Not Ejected,Does Not Apply,Back,Driver,None,Complaint of Pain or Nausea,Driver,M,,,,
13492321,4846466,2025-09-30T00:00:00.000,16:30,cf772868-d0d4-4b5f-a74f-954e3ae1143a,Occupant,Unspecified,20945684,48,Not Ejected,Conscious,Does Not Apply,Driver,Lap Belt & Harness,Does Not Apply,Driver,F,,,,
13494360,4846849,2025-09-30T00:00:00.000,16:18,35294194-d0ac-4cdc-9bb2-8cd0a9383655,Occupant,Unspecified,20946827,12,Not Ejected,Does Not Apply,Does Not Apply,"Any person in the rear of a station wagon, pick-up truck, all passengers on a bus, etc",Lap Belt & Harness,Does Not Apply,Passenger,F,,,,
13492236,4846424,2025-09-30T00:00:00.000,13:48,c6f4cf76-88d2-47ff-8509-cb511b999ea0,Occupant,Injured,20945632,,Not Ejected,Does Not Apply,Knee-Lower Leg Foot,Driver,Lap Belt & Harness,Complaint of Pain or Nausea,Driver,F,,,,
13492097,4846263,2025-09-30T00:00:00.000,8:36,f87f5680-6b3b-4996-bd26-2a9e5aad01c4,Occupant,Unspecified,20945548,26,,,,,,,Registrant,U,,,,
13493523,4846710,2025-09-30T00:00:00.000,0:00,e6b87ee2-ab04-4dd6-beb9-5a86789d0a77,Occupant,Injured,20946354,48,Not Ejected,Conscious,Neck,"Front passenger, if two or more persons, including the driver, are in the front seat",None,Complaint of Pain or Nausea,Passenger,M,,,,
13493613,4846676,2025-09-30T00:00:00.000,13:00,3a940f45-99a3-4ad0-802d-c4588aa121eb,Occupant,Unspecified,20946410,65,,,,,,,Registrant,M,,,,
13494592,4846996,2025-09-30T00:00:00.000,17:00,afea436b-264d-4b31-8f95-5f0e26d273ce,Occupant,Unspecified,20946957,5,Not Ejected,Does Not Apply,Does Not Apply,Right rear passenger or motorcycle sidecar passenger,Child Restraint Only,Does Not Apply,Passenger,F,,,,
13492388,4846489,2025-09-30T00:00:00.000,14:32,c6007b71-06e2-4785-8a24-e46a384f8503,Occupant,Injured,20945720,29,Not Ejected,Conscious,Neck,"Front passenger, if two or more persons, including the driver, are in the front seat",Lap Belt,None Visible,Passenger,F,,,,
13492942,4846381,2025-09-30T00:00:00.000,9:39,54b466fa-2c0f-4595-9f00-142ab61a643b,Occupant,Unspecified,20946026,24,,,,,,,Registrant,F,,,,
13494161,4846772,2025-09-30T00:00:00.000,17:07,aa1a9605-73ab-4ee6-a23a-0c36ac2667eb,Occupant,Unspecified,20946717,28,Not Ejected,Does Not Apply,Does Not Apply,Driver,Lap Belt & Harness,Does Not Apply,Driver,M,,,,
13493582,4846570,2025-09-30T00:00:00.000,17:10,81fbdc69-52c4-4a4e-8f34-67c3a402acdb,Occupant,Unspecified,20946382,81,Not Ejected,Does Not Apply,Does Not Apply,Driver,Lap Belt & Harness,Does Not Apply,Driver,M,,,,
13494319,4846814,2025-09-30T00:00:00.000,6:22,53e7e95a-4fb8-4c42-bded-eb402b9b4d19,Occupant,Unspecified,20946799,50,,,,,,,Registrant,F,,,,
13494110,4846505,2025-09-30T00:00:00.000,15:46,e1943caf-1cce-4dd4-b2d1-eca517e3d83d,Occupant,Unspecified,20946694,2,Not Ejected,Does Not Apply,Does Not Apply,"Left rear passenger, or rear passenger on a bicycle, motorcycle, snowmobile",Child Restraint Only,Does Not Apply,Passenger,M,,,,
13493609,4846676,2025-09-30T00:00:00.000,13:00,9b32a2c7-985a-4acb-9cd4-ad0486d1c69d,Occupant,Unspecified,20946410,65,Not Ejected,Does Not Apply,Does Not Apply,Driver,Unknown,Does Not Apply,Driver,M,,,,
13493175,4846600,2025-09-30T00:00:00.000,13:40,8dd3c0a4-f097-405c-9872-93f4568dc5f5,Occupant,Unspecified,20946157,43,Not Ejected,Does Not Apply,Does Not Apply,Driver,Lap Belt & Harness,Does Not Apply,Driver,M,,,,
13493251,4846733,2025-09-30T00:00:00.000,12:24,da1fc86f-ff1f-4ef7-8ec5-07d1a1c22c74,Occupant,Unspecified,20946202,50,Not Ejected,Does Not Apply,Does Not Apply,"Middle front seat, or passenger lying across a seat",Lap Belt & Harness,Does Not Apply,Passenger,F,,,,
13492884,4846478,2025-09-30T00:00:00.000,15:50,f05b06bc-c211-42d9-b0b4-79acf52873b8,Occupant,Unspecified,20945992,23,Not Ejected,Does Not Apply,Does Not Apply,Driver,Lap Belt & Harness,Does Not Apply,Driver,M,,,,
13492847,4846302,2025-09-30T00:00:00.000,8:30,e9090349-52cd-48b9-b4dd-88f3d1c979ba,Occupant,Unspecified,20945968,75,Not Ejected,Does Not Apply,Does Not Apply,Driver,Lap Belt & Harness,Does Not Apply,Driver,M,,,,
13494623,4846864,2025-09-30T00:00:00.000,10:00,96498c9f-ca18-4de9-922d-2f6d08f772ed,Occupant,Unspecified,20946977,49,,,,,,,Registrant,M,,,,
13492857,4846410,2025-09-30T00:00:00.000,14:00,4f44f944-29be-403f-8cee-d742a7abdbe6,Occupant,Unspecified,20945973,79,Not Ejected,Does Not Apply,Does Not Apply,Driver,Lap Belt & Harness,Does Not Apply,Driver,M,,,,
13492854,4846410,2025-09-30T00:00:00.000,14:00,4e6d1609-01c7-4d34-82cf-6e0e5dc3a714,Occupant,Unspecified,20945972,50,Not Ejected,Does Not Apply,Does Not Apply,Driver,Lap Belt & Harness,Does Not Apply,Driver,M,,,,
13492379,4846488,2025-09-30T00:00:00.000,13:40,b974daa1-7534-4c3c-b561-fd5935b91dc0,Occupant,Unspecified,20945717,42,Not Ejected,Does Not Apply,Does Not Apply,Driver,Lap Belt & Harness,Does Not Apply,Driver,M,,,,
13492377,4846488,2025-09-30T00:00:00.000,13:40,224ac726-e71e-49e4-83ac-f06b4e318137,Occupant,Injured,20945716,22,Not Ejected,Conscious,Shoulder - Upper Arm,Driver,Lap Belt & Harness,Complaint of Pain or Nausea,Driver,M,,,,
13493348,4846557,2025-09-30T00:00:00.000,9:30,a4d9a03f-d509-419a-8ec9-506cd0771620,Other Motorized,Injured,20946256,37,Not Ejected,Conscious,Hip-Upper Leg,Driver,Unknown,Contusion - Bruise,Driver,F,,,,
13493245,4846563,2025-09-30T00:00:00.000,23:10,987a2e03-cc73-40c7-97c2-96df6d1adfd6,Bicyclist,Unspecified,20946200,20,Not Ejected,Does Not Apply,Does Not Apply,Driver,None,Does Not Apply,Driver,M,,,,
13494162,4846772,2025-09-30T00:00:00.000,17:07,41a8679f-2aa8-4286-9823-1a60ae5b1a58,Occupant,Unspecified,20946717,26,,,,,,,Registrant,M,,,,
13493281,4846609,2025-09-30T00:00:00.000,16:45,5b3ba795-bc03-42cf-bba9-a2462a8e0d3c,Occupant,Unspecified,20946219,40,,,,,,,Registrant,M,,,,
13492933,4846374,2025-09-30T00:00:00.000,9:05,c61fb923-56ff-4d0c-9976-a36f927146b8,Occupant,Unspecified,20946022,33,,,,,,,Registrant,F,,,,
13493291,4846609,2025-09-30T00:00:00.000,16:45,ba50a223-2d50-40f6-bf3e-8599dc452b17,Occupant,Unspecified,20946218,6,Not Ejected,Does Not Apply,Does Not Apply,"Any person in the rear of a station wagon, pick-up truck, all passengers on a bus, etc",Lap Belt,Does Not Apply,Passenger,M,,,,
13492887,4846478,2025-09-30T00:00:00.000,15:50,ae4562f4-35a2-4e3c-9b6e-30b14e4783b2,Occupant,Unspecified,20945992,3,Not Ejected,Does Not Apply,Does Not Apply,Right rear passenger or motorcycle sidecar passenger,Child Restraint Only,Does Not Apply,Passenger,F,,,,
13493186,4846610,2025-09-30T00:00:00.000,15:47,22eb113e-291d-4f42-876c-88bd8da51fb8,Occupant,Unspecified,20946160,54,,,,,,,Registrant,M,,,,
13494457,4846797,2025-09-30T00:00:00.000,17:56,9786dedf-ae36-4fb7-a3bc-7f7e9777fa04,Occupant,Unspecified,20946881,,,,,,,,Owner,,,,,
13493257,4846619,2025-09-30T00:00:00.000,7:56,46e20089-5dd1-4455-8dbb-c3c48c65b402,Occupant,Unspecified,20946204,39,Not Ejected,Does Not Apply,Does Not Apply,Driver,Lap Belt & Harness,Does Not Apply,Driver,M,,,,
13493293,4846609,2025-09-30T00:00:00.000,16:45,06f07150-7798-48d3-a5b0-77c70916caa9,Occupant,Unspecified,20946218,,,,,,,,Registrant,,,,,
13493669,4846530,2025-09-30T00:00:00.000,18:45,ee5cb694-eb0a-4b6b-8f39-563754064e4d,Occupant,Unspecified,20946443,82,Not Ejected,Does Not Apply,Does Not Apply,Driver,Lap Belt,Does Not Apply,Driver,M,,,,
13492365,4846252,2025-09-30T00:00:00.000,7:50,7e643b11-024f-4659-801e-16db6ef2a6f2,Occupant,Unspecified,20945708,67,,,,,,,Registrant,M,,,,
13492238,4846424,2025-09-30T00:00:00.000,13:48,c1afdd68-3f39-48a3-b795-a605b257f46b,Occupant,Unspecified,20945630,52,,,,,,,Registrant,M,,,,
13494394,4846942,2025-09-30T00:00:00.000,10:20,18baad62-88f7-417e-bdc9-8b7232f9d658,Occupant,Unspecified,20946843,51,Not Ejected,Does Not Apply,Does Not Apply,Driver,Lap Belt,Does Not Apply,Driver,M,,,,
13494391,4846942,2025-09-30T00:00:00.000,10:20,030de711-b064-4b39-b4da-4b408015402d,Occupant,Unspecified,20946842,50,Not Ejected,Does Not Apply,Does Not Apply,Driver,Lap Belt,Does Not Apply,Driver,M,,,,
13492883,4846477,2025-09-30T00:00:00.000,11:25,2b42e7de-1505-4622-ad7d-d2334fff4b21,Pedestrian,Injured,,68,,Conscious,Knee-Lower Leg Foot,,,Complaint of Pain or Nausea,Pedestrian,F,Pedestrian/Bicyclist/Other Pedestrian Not at Intersection,Riding/Walking Along Highway With Traffic,Unspecified,Unspecified
13493710,4846574,2025-09-30T00:00:00.000,9:40,2e1af82e-3b0e-490d-85dd-2f409fbfe0b5,Occupant,Unspecified,20946463,,,,,,,,Registrant,,,,,
13492569,4846360,2025-09-30T00:00:00.000,0:40,a502f9c7-d882-4231-8065-8237d7b4041d,Occupant,Unspecified,20945811,50,Not Ejected,Does Not Apply,Does Not Apply,Driver,Unknown,Does Not Apply,Driver,M,,,,
13493055,4846690,2025-09-30T00:00:00.000,16:40,2e23b303-7d03-44e0-b8ec-d274732d5a8d,Pedestrian,Injured,,60,,Conscious,Shoulder - Upper Arm,,,Complaint of Pain or Nausea,Pedestrian,M,Pedestrian/Bicyclist/Other Pedestrian at Intersection,Crossing With Signal,Driver Inattention/Distraction,Driver Inattention/Distraction
13493579,4846570,2025-09-30T00:00:00.000,17:10,7d744dcb-fa7d-49ec-a903-fd50c80e6aa9,Occupant,Unspecified,20946381,47,Not Ejected,Does Not Apply,Does Not Apply,Driver,Lap Belt & Harness,Does Not Apply,Driver,M,,,,
13493207,4846614,2025-09-30T00:00:00.000,0:00,b3a86801-beac-4741-b679-5ad1276ad057,Occupant,Unspecified,20946175,63,,,,,,,Registrant,U,,,,
13494717,4846818,2025-09-30T00:00:00.000,9:25,44e79ea4-9742-42bc-8e26-be6c26c930a0,Occupant,Unspecified,20947039,44,Not Ejected,Does Not Apply,Does Not Apply,Driver,Lap Belt & Harness,Does Not Apply,Driver,F,,,,
13493647,4846635,2025-09-30T00:00:00.000,0:20,c288078b-42ed-4812-85f5-e480f23d0d09,Occupant,Unspecified,20946428,25,Not Ejected,Does Not Apply,Does Not Apply,Driver,Lap Belt & Harness,Does Not Apply,Driver,M,,,,
13492653,4846441,2025-09-30T00:00:00.000,15:30,653a9fd1-31f2-454d-b42b-c56bdaa2a553,Occupant,Unspecified,20945857,31,,,,,,,Registrant,M,,,,
13492210,4846355,2025-09-30T00:00:00.000,11:00,de96ed21-605c-4bdf-85a4-8bfa53dbccf3,Pedestrian,Injured,,54,,Conscious,Entire Body,,,Crush Injuries,Pedestrian,M,Pedestrian/Bicyclist/Other Pedestrian Not at Intersection,Not in Roadway,Unspecified,Unspecified
13493650,4846433,2025-09-30T00:00:00.000,9:45,1deaa6b6-a116-4d5d-83de-c686462a6bfa,Occupant,Injured,20946430,54,Not Ejected,Conscious,Knee-Lower Leg Foot,Right rear passenger or motorcycle sidecar passenger,None,Complaint of Pain or Nausea,Passenger,F,,,,
13493938,4846553,2025-09-30T00:00:00.000,20:40,c1ae384d-65f5-45a3-bfc7-00fa4c7267a3,Occupant,Unspecified,20946590,42,,,,,,,Registrant,F,,,,
13494591,4846996,2025-09-30T00:00:00.000,17:00,8f52bd6f-6d87-44c8-90bb-cc9766f5df9b,Occupant,Unspecified,20946956,56,Not Ejected,Does Not Apply,Does Not Apply,Driver,Lap Belt & Harness,Does Not Apply,Driver,M,,,,
13494590,4846997,2025-09-30T00:00:00.000,16:01,c95f81a0-cb2c-4579-906d-8752bb7a588d,Occupant,Unspecified,,,,,,,,,Notified Person,,,,,
13492341,4846312,2025-09-30T00:00:00.000,10:48,d019877b-e674-4bfe-b03f-44ba7e1b7008,Occupant,Unspecified,20945698,33,Not Ejected,Does Not Apply,Does Not Apply,Driver,Lap Belt & Harness,Does Not Apply,Driver,F,,,,
13492100,4846476,2025-09-30T00:00:00.000,16:51,af1f7df0-87a4-44e3-8a3c-d8eedbaecf5e,Occupant,Unspecified,20945551,26,Not Ejected,Does Not Apply,Does Not Apply,Driver,Lap Belt & Harness,Does Not Apply,Driver,M,,,,
13493719,4846670,2025-09-30T00:00:00.000,15:00,b3ce3a64-9b63-437f-8c23-9dbdc269569f,Other Motorized,Injured,20946470,24,Not Ejected,Conscious,Hip-Upper Leg,Driver,None,Complaint of Pain or Nausea,Driver,M,,,,
13492186,4846317,2025-09-30T00:00:00.000,12:05,5a1c6f58-0b89-44e9-a974-a96f99cd8efe,Occupant,Unspecified,20945604,38,Not Ejected,Does Not Apply,Does Not Apply,Driver,Lap Belt & Harness,Does Not Apply,Driver,M,,,,
13492093,4846471,2025-09-30T00:00:00.000,17:00,088d930b-a424-4d48-94df-82a0f42f3f89,Occupant,Unspecified,20945547,,,,,,,,Registrant,M,,,,
13492470,4846467,2025-09-30T00:00:00.000,6:55,691c14f6-d6ad-4ceb-a0aa-58ebe3fda090,Bicyclist,Injured,20945763,31,Not Ejected,Conscious,Knee-Lower Leg Foot,Riding/Hanging on Outside,Unknown,Complaint of Pain or Nausea,Driver,M,,,,
13492701,4846482,2025-09-30T00:00:00.000,21:00,3c2c8624-763b-46f8-80e2-a21d84b9e1c7,Occupant,Unspecified,20945884,24,,,,,,,Registrant,M,,,,
13492549,4846446,2025-09-30T00:00:00.000,18:23,69c8f69f-1c49-42df-b9e0-b4dca49ae68c,Occupant,Unspecified,20945799,10,Not Ejected,Does Not Apply,Does Not Apply,Unknown,Lap Belt,Does Not Apply,Passenger,M,,,,
13494126,4846902,2025-09-30T00:00:00.000,8:10,7b543bd6-2ac2-4119-83e5-a4cb582664d0,Other Motorized,Injured,20946703,45,Not Ejected,Conscious,Shoulder - Upper Arm,Driver,None,Internal,Driver,M,,,,
13492780,4846454,2025-09-30T00:00:00.000,16:35,f62e71b4-1ddc-4ff5-b150-997ab39f105d,Occupant,Unspecified,20945931,6,Not Ejected,Does Not Apply,Does Not Apply,Unknown,Unknown,Does Not Apply,Passenger,F,,,,
13494584,4846992,2025-09-30T00:00:00.000,1:20,350a97cb-db64-4b99-8c6a-0908599779db,Occupant,Injured,20946951,18,Not Ejected,Conscious,Neck,Right rear passenger or motorcycle sidecar passenger,Unknown,Complaint of Pain or Nausea,Passenger,F,,,,
13492943,4846382,2025-09-30T00:00:00.000,13:02,84b7a40a-0e01-404a-a8af-4947d1be97d7,Occupant,Injured,20946028,25,Not Ejected,Conscious,Head,Driver,Helmet (Motorcycle Only),Contusion - Bruise,Driver,M,,,,
13492786,4846454,2025-09-30T00:00:00.000,16:35,f2b8797f-7a21-48d5-9953-7fcbc06fb75e,Occupant,Unspecified,20945931,8,Not Ejected,Does Not Apply,Does Not Apply,Unknown,Unknown,Does Not Apply,Passenger,F,,,,
13492344,4846327,2025-09-30T00:00:00.000,12:50,55614284-ace3-4dd4-8f48-33f72fe9aa41,Occupant,Injured,20945699,50,Not Ejected,Conscious,Head,"Left rear passenger, or rear passenger on a bicycle, motorcycle, snowmobile",Lap Belt & Harness,Complaint of Pain or Nausea,Passenger,F,,,,
13492323,4846466,2025-09-30T00:00:00.000,16:30,cabfe24a-833c-4bed-9b53-265e790f1a98,Occupant,Unspecified,20945684,48,,,,,,,Registrant,F,,,,
13494113,4846505,2025-09-30T00:00:00.000,15:46,e58c89bb-16cb-41fb-9837-07a55476b98a,Occupant,Unspecified,20946694,48,Not Ejected,Does Not Apply,Does Not Apply,Driver,Unknown,Does Not Apply,Driver,F,,,,
13492528,4846364,2025-09-30T00:00:00.000,11:40,8251e759-89f1-41ce-bd0e-39dae75ebe8b,Occupant,Unspecified,20945789,,,,,,,,Registrant,,,,,
13493805,4846623,2025-09-30T00:00:00.000,8:38,94661c72-744c-4559-8f6c-d0182d480c0f,Occupant,Unspecified,20946521,39,Not Ejected,Does Not Apply,Does Not Apply,Driver,Lap Belt & Harness,Does Not Apply,Driver,M,,,,
13494450,4846892,2025-09-30T00:00:00.000,15:59,ffe782a8-8b3d-4482-b8cc-04bff1640e15,Occupant,Unspecified,20946875,25,Not Ejected,Does Not Apply,Does Not Apply,"Middle front seat, or passenger lying across a seat",Unknown,Does Not Apply,Passenger,F,,,,
13494714,4846818,2025-09-30T00:00:00.000,9:25,53d1ee0c-86e4-43dc-b62d-ff1ef05d574c,Occupant,Unspecified,20947038,,,,,,,,Registrant,,,,,
13492347,4846327,2025-09-30T00:00:00.000,12:50,b8ac54fb-5720-44f1-9f7e-963ed8369be2,Occupant,Unspecified,20945700,63,Not Ejected,Does Not Apply,Does Not Apply,Driver,Lap Belt & Harness,Does Not Apply,Driver,F,,,,
13493853,4846512,2025-09-30T00:00:00.000,15:25,e9d2cfc0-0a91-434d-a9d5-f9f2f8a3ff27,Occupant,Unspecified,20946544,10,Not Ejected,Does Not Apply,Does Not Apply,"Any person in the rear of a station wagon, pick-up truck, all passengers on a bus, etc",Lap Belt,Does Not Apply,Passenger,M,,,,
13493577,4846677,2025-09-30T00:00:00.000,11:17,4adf824a-67f3-4eec-bb1b-93bada24b212,Occupant,Unspecified,20946380,50,,,,,,,Registrant,F,,,,
13493285,4846609,2025-09-30T00:00:00.000,16:45,26b1e389-35b9-4407-bb96-5b0e9f0985bd,Occupant,Unspecified,20946218,5,Not Ejected,Does Not Apply,Does Not Apply,"Any person in the rear of a station wagon, pick-up truck, all passengers on a bus, etc",Lap Belt,Does Not Apply,Passenger,F,,,,
13493589,4846671,2025-09-30T00:00:00.000,13:20,7eb2a22b-c662-481c-88c9-863c929ddf2e,Occupant,Unspecified,20946385,20,,,,,,,Registrant,F,,,,
13492941,4846377,2025-09-30T00:00:00.000,10:03,93a3f2c8-681c-4566-8a2a-7f45abd24a94,Occupant,Injured,20946025,64,Not Ejected,Conscious,Knee-Lower Leg Foot,Right rear passenger or motorcycle sidecar passenger,Lap Belt & Harness,None Visible,Passenger,M,,,,
13494689,4846841,2025-09-30T00:00:00.000,6:30,1e1b3420-f261-4f5f-8d3e-b67ac98f929f,Occupant,Unspecified,20947015,42,,,,,,,Registrant,M,,,,
13492946,4846382,2025-09-30T00:00:00.000,13:02,73bb76d7-7651-4f13-a5a0-3ea2d63b75e6,Occupant,Injured,20946029,3,Not Ejected,Conscious,Entire Body,Driver,Lap Belt & Harness,Whiplash,Driver,F,,,,
13493180,4846600,2025-09-30T00:00:00.000,13:40,ad3a4259-2f3d-46db-9c26-26735e842dad,Occupant,Unspecified,20946157,,,,,,,,Registrant,,,,,
13493177,4846600,2025-09-30T00:00:00.000,13:40,69461037-b27c-477c-9a67-1b5d722c2599,Occupant,Unspecified,20946159,44,Not Ejected,Does Not Apply,Does Not Apply,Driver,Unknown,Does Not Apply,Driver,M,,,,
13491734,4846209,2025-09-30T00:00:00.000,2:05,9651c2b2-3a0e-45db-8654-53c783e82bab,Occupant,Unspecified,20945360,52,,,,,,,Registrant,M,,,,
13494772,4846792,2025-09-30T00:00:00.000,16:00,07c05fe1-7a22-4ab6-9eb2-6590185020fd,Occupant,Unspecified,20947081,43,Not Ejected,Does Not Apply,Does Not Apply,Driver,Lap Belt & Harness,Does Not Apply,Driver,F,,,,
13492361,4846252,2025-09-30T00:00:00.000,7:50,fee1dd2c-680b-483f-bb74-528b0318f5e5,Occupant,Unspecified,20945708,67,Not Ejected,Does Not Apply,Does Not Apply,Driver,Lap Belt & Harness,Does Not Apply,Driver,M,,,,
13493535,4846723,2025-09-30T00:00:00.000,21:50,5357d6b8-c493-4017-a0ee-e8ef4c8669e1,Occupant,Injured,20946363,52,Not Ejected,Conscious,Head,Driver,Lap Belt & Harness,Complaint of Pain or Nausea,Driver,F,,,,
13492188,4846317,2025-09-30T00:00:00.000,12:05,38aea77b-bce2-437e-96e9-a6f9a8f5a23e,Occupant,Unspecified,20945605,42,Not Ejected,Does Not Apply,Does Not Apply,Driver,Lap Belt & Harness,Does Not Apply,Driver,M,,,,
13492589,4846485,2025-09-30T00:00:00.000,9:07,5406f8a2-a959-48fc-b594-573969601fc3,Occupant,Unspecified,20945822,27,,,,,,,Registrant,M,,,,
13492348,4846435,2025-09-30T00:00:00.000,20:07,c4abab14-ace5-4372-ab88-6640c8232112,Occupant,Unspecified,20945701,51,Not Ejected,Does Not Apply,Does Not Apply,Unknown,Unknown,Does Not Apply,Driver,M,,,,
13492540,4846444,2025-09-30T00:00:00.000,12:56,0c577d8f-5ddd-40f1-af6e-46cc234d2dbc,Occupant,Injured,20945794,23,Not Ejected,Conscious,Head,"Left rear passenger, or rear passenger on a bicycle, motorcycle, snowmobile",Lap Belt & Harness,Complaint of Pain or Nausea,Passenger,M,,,,
13493858,4846512,2025-09-30T00:00:00.000,15:25,82c754d1-78cf-44fc-8ba6-cded71b33360,Occupant,Unspecified,20946544,35,Not Ejected,Does Not Apply,Does Not Apply,"Any person in the rear of a station wagon, pick-up truck, all passengers on a bus, etc",Lap Belt,Does Not Apply,Passenger,F,,,,
13493235,4846581,2025-09-30T00:00:00.000,9:03,1971bf22-e335-46b0-9c93-ce2c0f874cf3,Occupant,Unspecified,20946192,,,,,,,,Registrant,,,,,
13494159,4846772,2025-09-30T00:00:00.000,17:07,01ca60a8-06c6-457a-a82b-b76f66e98a3d,Occupant,Unspecified,20946717,11,Not Ejected,Does Not Apply,Does Not Apply,"Left rear passenger, or rear passenger on a bicycle, motorcycle, snowmobile",Lap Belt & Harness,Does Not Apply,Passenger,F,,,,
13492101,4846357,2025-09-30T00:00:00.000,13:00,99d354a0-248a-423a-9946-7d7d69cea403,Occupant,Unspecified,20945552,34,Not Ejected,Does Not Apply,Does Not Apply,Driver,Lap Belt,Does Not Apply,Driver,M,,,,
13491946,4846434,2025-09-30T00:00:00.000,17:17,b2f348e7-0bd4-4f39-8bb9-3eb28cc8fcfc,Occupant,Unspecified,20945470,38,Not Ejected,Does Not Apply,Does Not Apply,Driver,Unknown,Does Not Apply,Driver,M,,,,
13493823,4846513,2025-09-30T00:00:00.000,3:15,9d729b4b-4c24-4cb4-a8fd-637728f53b57,Occupant,Injured,20946530,26,Not Ejected,Conscious,Hip-Upper Leg,Driver,Unknown,Contusion - Bruise,Driver,F,,,,
13492240,4846407,2025-09-30T00:00:00.000,14:01,8c9ca58f-19d1-434e-b4ad-a333f4203969,Occupant,Unspecified,20945633,29,,,,,,,Registrant,M,,,,
13492345,4846327,2025-09-30T00:00:00.000,12:50,1cbb7b97-2a1f-477a-b05c-4c4f26fc14cb,Occupant,Unspecified,20945699,56,,,,,,,Registrant,M,,,,
13492650,4846385,2025-09-30T00:00:00.000,9:00,9f91618b-169c-40e0-8987-77f5a9e01dca,Occupant,Unspecified,20945855,73,,,,,,,Registrant,F,,,,
13492427,4846392,2025-09-30T00:00:00.000,15:52,96ed8005-089b-4a49-9bbb-fe12b13c20db,Occupant,Unspecified,20945735,,,,,,,,Registrant,,,,,
13492255,4846496,2025-09-30T00:00:00.000,13:13,0331bbe8-e254-4b24-b87e-78a533e320b8,Occupant,Unspecified,20945645,39,Not Ejected,Does Not Apply,Does Not Apply,Driver,Lap Belt & Harness,Does Not Apply,Driver,M,,,,
13492342,4846312,2025-09-30T00:00:00.000,10:48,88b50e5d-d9e6-4302-a3cf-63e1883c483e,Occupant,Unspecified,20945697,38,,,,,,,Registrant,M,,,,
13492343,4846327,2025-09-30T00:00:00.000,12:50,420f5357-5ecb-4890-a4a4-07c56ea2adae,Occupant,Unspecified,20945699,56,Not Ejected,Does Not Apply,Does Not Apply,Driver,Lap Belt & Harness,Does Not Apply,Driver,M,,,,
13494321,4846814,2025-09-30T00:00:00.000,6:22,f1c697d5-da34-4cef-b7d8-c34038b98bb4,Occupant,Unspecified,20946798,21,,,,,,,Registrant,M,,,,
13493179,4846600,2025-09-30T00:00:00.000,13:40,2ceb2c86-dd36-4f37-97be-03c2d83be0ac,Occupant,Unspecified,20946158,77,Not Ejected,Does Not Apply,Does Not Apply,Driver,Unknown,Does Not Apply,Driver,M,,,,
13492187,4846317,2025-09-30T00:00:00.000,12:05,6ce78666-d091-4d0d-8bad-774af045bf3c,Occupant,Unspecified,20945605,42,,,,,,,Registrant,M,,,,
13492955,4846414,2025-09-30T00:00:00.000,19:33,ecdd6118-a48d-4ae3-bb1d-80b28a2e66e7,Occupant,Unspecified,20946034,31,Not Ejected,Does Not Apply,Does Not Apply,Driver,Lap Belt & Harness,Does Not Apply,Driver,F,,,,
13493652,4846438,2025-09-30T00:00:00.000,17:58,f56c4e9f-1e95-42ea-84f5-b44a16efa7a1,Occupant,Unspecified,20946432,63,Not Ejected,Does Not Apply,Does Not Apply,Unknown,Unknown,Does Not Apply,Driver,M,,,,
13491966,4846499,2025-09-30T00:00:00.000,14:20,a071f080-9d42-4d71-8004-c165ad4924cb,Occupant,Unspecified,20945484,67,,,,,,,Registrant,F,,,,
13493786,4846712,2025-09-30T00:00:00.000,14:02,5bffbb0d-2fbf-455a-97ac-83fee552437c,Occupant,Unspecified,20946511,55,Not Ejected,Does Not Apply,Does Not Apply,Driver,None,Does Not Apply,Driver,M,,,,
13493534,4846724,2025-09-30T00:00:00.000,6:00,aa56e069-2013-40bd-8b64-c61327337dde,Occupant,Unspecified,20946361,53,,,,,,,Registrant,F,,,,
13494452,4846892,2025-09-30T00:00:00.000,15:59,2e4c1d0d-85ae-44e2-99d0-86a6a81cf202,Occupant,Unspecified,20946874,51,Not Ejected,Does Not Apply,Does Not Apply,"Middle front seat, or passenger lying across a seat",None,Does Not Apply,Passenger,F,,,,
13493463,4846538,2025-09-30T00:00:00.000,17:00,9fa5d05d-9b31-4452-af0a-099005cf2292,Occupant,Unspecified,20946315,2,,,,,,,Registrant,M,,,,
13492530,4846364,2025-09-30T00:00:00.000,11:40,b68548b6-59d4-4610-917d-09bbcce11ce1,Occupant,Unspecified,20945788,50,,,,,,,Registrant,F,,,,
13493648,4846635,2025-09-30T00:00:00.000,0:20,47c4169c-fded-4825-a625-8d2883373629,Occupant,Unspecified,20946429,64,,,,,,,Registrant,M,,,,
13492885,4846478,2025-09-30T00:00:00.000,15:50,bc7991d3-30a2-40ad-8f27-805244e98997,Occupant,Unspecified,20945993,27,,,,,,,Registrant,M,,,,
13493254,4846733,2025-09-30T00:00:00.000,12:24,93569296-f5d4-40ee-af40-608235e1b256,Occupant,Unspecified,20946201,25,,,,,,,Registrant,M,,,,
13494716,4846818,2025-09-30T00:00:00.000,9:25,859d9fc6-fc37-4424-b2ec-a7d956314784,Occupant,Unspecified,20947039,,,,,,,,Registrant,U,,,,
13492423,4846392,2025-09-30T00:00:00.000,15:52,2dfe363f-b995-4cbc-b713-e8162b3cd444,Occupant,Unspecified,20945736,27,Not Ejected,Does Not Apply,Does Not Apply,"Middle front seat, or passenger lying across a seat",Unknown,Does Not Apply,Passenger,F,,,,
13493824,4846513,2025-09-30T00:00:00.000,3:15,7ff5f3dc-487c-4f91-b9e7-4404c50c0510,Occupant,Unspecified,20946531,27,Not Ejected,Does Not Apply,Does Not Apply,Right rear passenger or motorcycle sidecar passenger,Unknown,Does Not Apply,Passenger,M,,,,
13494424,4846857,2025-09-30T00:00:00.000,22:45,c3772794-9eed-45e1-9cc6-9956fc3d2f1b,Occupant,Injured,20946860,21,Not Ejected,Conscious,Knee-Lower Leg Foot,Driver,Lap Belt & Harness,Complaint of Pain or Nausea,Driver,M,,,,
13492956,4846414,2025-09-30T00:00:00.000,19:33,6cf39bea-1902-4762-87ed-f8cfe462a17d,Occupant,Injured,20946033,6,Not Ejected,Conscious,Head,Right rear passenger or motorcycle sidecar passenger,Lap Belt & Harness,Contusion - Bruise,Passenger,F,,,,
13493188,4846707,2025-09-30T00:00:00.000,14:36,f5adcb1a-d1f9-4817-9adb-0f0e207f6633,Occupant,Unspecified,20946162,,,,,,,,Registrant,,,,,
13493181,4846610,2025-09-30T00:00:00.000,15:47,8427834b-c4f8-46d2-b860-4adc63ef7046,Occupant,Unspecified,20946160,51,Not Ejected,Does Not Apply,Does Not Apply,Driver,Unknown,Does Not Apply,Driver,F,,,,
13493412,4846529,2025-09-30T00:00:00.000,21:20,89f432bd-5643-440a-b0e1-2a3aaea86d4d,Occupant,Unspecified,20946289,21,Not Ejected,Does Not Apply,Does Not Apply,Driver,Lap Belt & Harness,Does Not Apply,Driver,M,,,,
13494766,4846796,2025-09-30T00:00:00.000,7:20,8d62c105-fee8-4dba-a6bc-fc1fdba47084,Occupant,Unspecified,20947077,22,Not Ejected,Does Not Apply,Does Not Apply,Driver,None,Does Not Apply,Driver,F,,,,
13493258,4846619,2025-09-30T00:00:00.000,7:56,d716a35a-4e7c-4e14-a71b-489461725bad,Occupant,Injured,20946203,4,Not Ejected,Conscious,Head,Driver,Lap Belt,Complaint of Pain or Nausea,Passenger,M,,,,
13491965,4846499,2025-09-30T00:00:00.000,14:20,67f9ae54-61fa-469e-9340-e5aa0349b1c0,Occupant,Unspecified,20945483,60,Not Ejected,Does Not Apply,Does Not Apply,Driver,Lap Belt,Does Not Apply,Driver,M,,,,
13493185,4846610,2025-09-30T00:00:00.000,15:47,76e0ef15-9897-4913-a95f-05e25c481984,Occupant,Injured,20946161,34,Not Ejected,Conscious,Neck,Driver,Unknown,Complaint of Pain or Nausea,Driver,M,,,,
13493182,4846610,2025-09-30T00:00:00.000,15:47,31673265-6ee7-462e-8abb-16a41ee98b7c,Occupant,Unspecified,20946161,1,Not Ejected,Does Not Apply,Does Not Apply,Right rear passenger or motorcycle sidecar passenger,Unknown,Does Not Apply,Passenger,M,,,,
13494361,4846849,2025-09-30T00:00:00.000,16:18,177edc11-27ca-497b-8cbb-3c275b8dd870,Occupant,Unspecified,20946827,9,Not Ejected,Does Not Apply,Does Not Apply,"Any person in the rear of a station wagon, pick-up truck, all passengers on a bus, etc",Lap Belt & Harness,Does Not Apply,Passenger,F,,,,
13492930,4846373,2025-09-30T00:00:00.000,7:00,ee17421e-4218-46fa-b6aa-b07e517a8cb1,Occupant,Unspecified,20946020,62,,,,,,,Registrant,M,,,,
13494114,4846505,2025-09-30T00:00:00.000,15:46,57214120-275b-4ba5-989f-cc4632a144e8,Occupant,Unspecified,20946693,46,,,,,,,Registrant,M,,,,
13494025,4846850,2025-09-30T00:00:00.000,11:45,1679ee94-46a2-461b-9bbc-b969b6ce2d07,Occupant,Unspecified,20946647,58,Not Ejected,Does Not Apply,Does Not Apply,Driver,Unknown,Does Not Apply,Driver,M,,,,
13492495,4846349,2025-09-30T00:00:00.000,1:55,54d593dc-b2c5-48a0-86c8-73ca39d9af2a,Occupant,Unspecified,20945772,27,Not Ejected,Does Not Apply,Does Not Apply,Driver,Lap Belt & Harness,Does Not Apply,Driver,M,,,,
13493672,4846530,2025-09-30T00:00:00.000,18:45,8fd42049-6d92-4a77-8378-df3d311bd07f,Occupant,Unspecified,20946443,51,Not Ejected,Does Not Apply,Does Not Apply,"Left rear passenger, or rear passenger on a bicycle, motorcycle, snowmobile",Lap Belt,Does Not Apply,Passenger,M,,,,
13493830,4846513,2025-09-30T00:00:00.000,3:15,6a5fe28d-4a6d-4fa0-9f07-1a55d33aa510,Occupant,Unspecified,20946530,28,Not Ejected,Does Not Apply,Does Not Apply,Right rear passenger or motorcycle sidecar passenger,Unknown,Does Not Apply,Passenger,F,,,,
13492539,4846444,2025-09-30T00:00:00.000,12:56,86b2161f-3822-47e7-b4a5-3349ff30fc34,Occupant,Injured,20945794,20,Not Ejected,Conscious,Head,Right rear passenger or motorcycle sidecar passenger,Lap Belt & Harness,Complaint of Pain or Nausea,Passenger,M,,,,
13492778,4846454,2025-09-30T00:00:00.000,16:35,15801e2c-c9a2-4938-adfb-2281f7e23f7e,Occupant,Unspecified,20945931,9,Not Ejected,Does Not Apply,Does Not Apply,Unknown,Unknown,Does Not Apply,Passenger,F,,,,
13494317,4846814,2025-09-30T00:00:00.000,6:22,5b89b232-4e95-4203-92d4-4ee146bd64ae,Occupant,Unspecified,20946798,21,Not Ejected,Does Not Apply,Does Not Apply,Driver,Unknown,Does Not Apply,Driver,M,,,,
13492949,4846413,2025-09-30T00:00:00.000,13:44,b362a4fc-f6b2-45e9-b708-43b0818e19da,Occupant,Unspecified,20946030,,,,,,,,Registrant,,,,,
13493203,4846522,2025-09-30T00:00:00.000,18:50,78c8e207-67b1-47d4-b35c-cc0e888afa63,Occupant,Unspecified,,,,,,,,,Witness,,,,,
13493832,4846513,2025-09-30T00:00:00.000,3:15,a9c49585-a72f-4314-a648-b2fd0be12d0d,Occupant,Unspecified,20946530,26,,,,,,,Registrant,F,,,,
13492584,4846458,2025-09-30T00:00:00.000,17:45,70d111c8-3b18-4fd4-adc1-1bdc98cef3b3,Occupant,Unspecified,20945818,43,,,,,,,Registrant,M,,,,
13492502,4846497,2025-09-30T00:00:00.000,20:16,b1d2dda2-7e71-4882-8b1b-17f5f05231b3,Occupant,Unspecified,20945774,,,,,,,,Registrant,,,,,
13494023,4846766,2025-09-30T00:00:00.000,7:26,237b130d-0c7d-4b6e-8325-05f8f99a1602,Bicyclist,Injured,20946646,61,Not Ejected,Conscious,Head,Driver,Helmet Only (In-Line Skater/Bicyclist),None Visible,Driver,F,,,,
13492773,4846448,2025-09-30T00:00:00.000,18:54,fe3b95f8-7e56-4da5-9270-fa1fb9c6cb29,Occupant,Unspecified,20945929,29,,,,,,,Registrant,F,,,,
13492645,4846260,2025-09-30T00:00:00.000,6:31,e2e88aaa-7721-4dca-832c-c2bfde09f819,Occupant,Unspecified,20945852,59,,,,,,,Registrant,M,,,,
13493352,4846555,2025-09-30T00:00:00.000,14:30,3590f463-5473-4153-93b3-f5ad765cb4c0,Occupant,Unspecified,20946259,,,,,,,,Registrant,,,,,
13492889,4846478,2025-09-30T00:00:00.000,15:50,ba3920cd-4f7f-43ac-b1ec-55542eab1bbf,Occupant,Unspecified,20945992,23,,,,,,,Registrant,M,,,,
13493716,4846575,2025-09-30T00:00:00.000,16:00,d0293434-9b1b-4146-94d1-f5cd60118a20,Occupant,Unspecified,20946467,60,Not Ejected,Does Not Apply,Does Not Apply,Driver,Lap Belt & Harness,Does Not Apply,Driver,M,,,,
13493806,4846623,2025-09-30T00:00:00.000,8:38,8cda8599-643c-4d21-8c5f-7925e5ca3e2e,Occupant,Unspecified,20946521,39,,,,,,,Registrant,M,,,,
13493280,4846609,2025-09-30T00:00:00.000,16:45,4c295efa-da48-44a5-8a52-5abc18e57002,Occupant,Unspecified,20946218,52,Not Ejected,Does Not Apply,Does Not Apply,Driver,Lap Belt & Harness,Does Not Apply,Driver,M,,,,
13492371,4846443,2025-09-30T00:00:00.000,14:35,d38beb79-2642-437c-bbde-778cba17f250,Occupant,Unspecified,20945712,29,Not Ejected,Does Not Apply,Does Not Apply,Driver,Lap Belt & Harness,Does Not Apply,Driver,M,,,,
13494469,4846979,2025-09-30T00:00:00.000,17:22,63ff06eb-2ea1-4a59-92f4-9f1b3fa4540b,Bicyclist,Injured,20946889,19,Not Ejected,Conscious,Shoulder - Upper Arm,Riding/Hanging on Outside,Unknown,Complaint of Pain or Nausea,Driver,F,,,,
13493586,4846671,2025-09-30T00:00:00.000,13:20,221ee44e-1baa-4bd7-8ce4-b62612944690,Occupant,Unspecified,20946386,36,,,,,,,Registrant,M,,,,
13494427,4846857,2025-09-30T00:00:00.000,22:45,f6273be7-c10c-47de-9d1d-56e1c53f6baa,Occupant,Unspecified,20946861,49,Not Ejected,Does Not Apply,Does Not Apply,Driver,Lap Belt & Harness,Does Not Apply,Driver,M,,,,
13494362,4846849,2025-09-30T00:00:00.000,16:18,77762320-f410-457b-97fd-90b635808f72,Occupant,Unspecified,20946827,11,Not Ejected,Does Not Apply,Does Not Apply,"Any person in the rear of a station wagon, pick-up truck, all passengers on a bus, etc",Lap Belt & Harness,Does Not Apply,Passenger,F,,,,
13493855,4846512,2025-09-30T00:00:00.000,15:25,eac5d388-6bdf-44aa-9aac-6e71b6fa28a3,Occupant,Unspecified,20946544,10,Not Ejected,Does Not Apply,Does Not Apply,"Any person in the rear of a station wagon, pick-up truck, all passengers on a bus, etc",Lap Belt,Does Not Apply,Passenger,M,,,,
13493541,4846723,2025-09-30T00:00:00.000,21:50,ac21e841-dbf3-4723-b6c5-be24b29cc5f0,Occupant,Unspecified,20946364,63,Not Ejected,Does Not Apply,Does Not Apply,Driver,Lap Belt & Harness,Does Not Apply,Driver,M,,,,
13494508,4846962,2025-09-30T00:00:00.000,15:53,e8c2c852-6edc-4e9f-ad4a-e15a3f88a21d,Occupant,Unspecified,20946910,38,Not Ejected,Does Not Apply,Does Not Apply,Driver,Lap Belt,Does Not Apply,Driver,M,,,,
13493260,4846619,2025-09-30T00:00:00.000,7:56,1b478725-614a-4122-a23f-4cb585f8eb49,Occupant,Injured,20946203,9,Not Ejected,Conscious,Chest,"Any person in the rear of a station wagon, pick-up truck, all passengers on a bus, etc",Lap Belt & Harness,Complaint of Pain or Nausea,Passenger,F,,,,
13492433,4846257,2025-09-30T00:00:00.000,7:55,a7e7f4ce-2d7b-4a99-8e5b-444a1e6de31e,Occupant,Injured,20945742,42,Not Ejected,Conscious,Neck,Driver,Lap Belt & Harness,Complaint of Pain or Nausea,Driver,F,,,,
13492386,4846489,2025-09-30T00:00:00.000,14:32,6f42b58d-c163-40a4-ae6e-216e3243360d,Occupant,Unspecified,20945721,48,,,,,,,Registrant,F,,,,
13494451,4846892,2025-09-30T00:00:00.000,15:59,794d4ac3-8cbd-4951-90ad-7be6b709075d,Occupant,Unspecified,20946875,25,Not Ejected,Does Not Apply,Does Not Apply,Driver,Unknown,Does Not Apply,Passenger,M,,,,
13494364,4846849,2025-09-30T00:00:00.000,16:18,9443e8e1-c47c-40c9-92f4-887599db78ab,Occupant,Unspecified,20946827,30,Not Ejected,Does Not Apply,Does Not Apply,Driver,Lap Belt & Harness,Does Not Apply,Driver,M,,,,
13492499,4846497,2025-09-30T00:00:00.000,20:16,52ce1667-2388-405e-8a41-0a88dc0e9dbc,Occupant,Injured,20945774,48,Not Ejected,Conscious,Back,Driver,Lap Belt,None Visible,Driver,F,,,,
13493311,4846533,2025-09-30T00:00:00.000,13:05,f018312b-531f-4f0a-9fb2-85f832d71434,Occupant,Unspecified,20946235,35,Not Ejected,Does Not Apply,Does Not Apply,Driver,Unknown,Does Not Apply,Driver,M,,,,
13493205,4846522,2025-09-30T00:00:00.000,18:50,d0b55000-bc3a-4872-8efb-80f11c8e1514,Occupant,Unspecified,20946172,,,,,,,,Registrant,,,,,
13492098,4846476,2025-09-30T00:00:00.000,16:51,219ec3d0-050f-4a6f-83c0-efdf5c8549e7,Occupant,Unspecified,20945550,56,,,,,,,Registrant,F,,,,
13494468,4846979,2025-09-30T00:00:00.000,17:22,fa6f80ee-b494-4407-80d8-36242dc3465b,Occupant,Unspecified,20946888,99,Not Ejected,Does Not Apply,Does Not Apply,Unknown,Unknown,Does Not Apply,Passenger,U,,,,
13492850,4846302,2025-09-30T00:00:00.000,8:30,e0a5e684-16a8-40f7-af5a-eba8f8af0e8d,Occupant,Unspecified,20945968,75,,,,,,,Registrant,M,,,,
13493318,4846586,2025-09-30T00:00:00.000,6:30,f9152b61-4905-472b-9daf-2fae7a1f4fb7,Occupant,Unspecified,20946238,23,Not Ejected,Does Not Apply,Does Not Apply,Driver,Lap Belt & Harness,Does Not Apply,Driver,M,,,,
13493720,4846670,2025-09-30T00:00:00.000,15:00,365e2598-5ac8-4cf3-bff0-74c70dd70e0c,Occupant,Unspecified,20946469,75,,,,,,,Registrant,F,,,,
13494235,4846878,2025-09-30T00:00:00.000,19:08,5093dde9-c2b2-4e42-ba73-0f1ca5df9b43,Occupant,Unspecified,20946752,70,,,,,,,Registrant,M,,,,
13492322,4846466,2025-09-30T00:00:00.000,16:30,c54cc662-bf49-42c7-bdc6-fcb40e7bf988,Bicyclist,Unspecified,20945685,40,Not Ejected,Does Not Apply,Does Not Apply,Riding/Hanging on Outside,Helmet Only (In-Line Skater/Bicyclist),Does Not Apply,Driver,M,,,,
13492548,4846447,2025-09-30T00:00:00.000,16:00,feefbc73-824f-40a6-8aae-eb65f656d3d7,Occupant,Unspecified,20945797,61,,,,,,,Registrant,F,,,,
13494047,4846920,2025-09-30T00:00:00.000,10:40,a768f227-d9ab-44bc-b048-f8fe041179e2,Occupant,Unspecified,20946660,48,,,,,,,Registrant,U,,,,
13492639,4846256,2025-09-30T00:00:00.000,6:30,4931df5e-b4f5-4429-b6bc-65b01f27deb4,Occupant,Unspecified,20945850,65,Not Ejected,Does Not Apply,Does Not Apply,Driver,Lap Belt & Harness,Does Not Apply,Driver,M,,,,
13492351,4846435,2025-09-30T00:00:00.000,20:07,ff14d662-b079-48a2-8163-7aed82b5d131,Occupant,Unspecified,20945701,51,,,,,,,Registrant,M,,,,
13494112,4846505,2025-09-30T00:00:00.000,15:46,eb1549ea-7eb9-4040-98b7-084c8d9be504,Occupant,Unspecified,20946694,,,,,,,,Registrant,M,,,,
13493833,4846514,2025-09-30T00:00:00.000,13:50,de1b8362-2bd3-4865-959d-009d447426e5,Pedestrian,Injured,,48,,Conscious,Knee-Lower Leg Foot,,,Complaint of Pain or Nausea,Pedestrian,M,Pedestrian/Bicyclist/Other Pedestrian Not at Intersection,Other Actions in Roadway,Other Vehicular,Unspecified
13492497,4846349,2025-09-30T00:00:00.000,1:55,d9c4da1f-a7a6-4309-83ea-0a0f5718ec2b,Occupant,Injured,20945773,20,Ejected,Conscious,Hip-Upper Leg,Driver,None,Abrasion,Driver,M,,,,
13493200,4846549,2025-09-30T00:00:00.000,15:32,1ae55986-69f8-4996-82e0-fba648c2f8aa,Occupant,Unspecified,20946170,50,,,,,,,Registrant,M,,,,
13493851,4846512,2025-09-30T00:00:00.000,15:25,805910da-a2e9-4431-8330-0c8884fe0fd3,Occupant,Unspecified,20946544,60,Not Ejected,Does Not Apply,Does Not Apply,Driver,Lap Belt & Harness,Does Not Apply,Driver,M,,,,
13493410,4846529,2025-09-30T00:00:00.000,21:20,0c88f21a-cdc3-4594-aaac-487d6ca1865b,Occupant,Unspecified,20946288,35,Not Ejected,Does Not Apply,Does Not Apply,Driver,Lap Belt & Harness,Does Not Apply,Driver,M,,,,
13492856,4846410,2025-09-30T00:00:00.000,14:00,38875aa2-1245-433a-a564-b39b836cb45e,Occupant,Unspecified,20945973,79,,,,,,,Registrant,M,,,,
13492788,4846454,2025-09-30T00:00:00.000,16:35,4107624d-0cde-494d-9dc6-1d1ac85e0e71,Occupant,Unspecified,20945931,60,Not Ejected,Does Not Apply,Does Not Apply,Driver,Lap Belt & Harness,Does Not Apply,Driver,M,,,,
13492387,4846489,2025-09-30T00:00:00.000,14:32,93a41f43-19c6-4437-90da-749f3de89e4d,Occupant,Unspecified,20945721,48,Not Ejected,Does Not Apply,Does Not Apply,Driver,Lap Belt,Does Not Apply,Driver,F,,,,
13493651,4846433,2025-09-30T00:00:00.000,9:45,37fcbda8-c5ff-4cae-94a2-d268f41d2196,Occupant,Unspecified,20946430,,,,,,,,Registrant,,,,,
13492094,4846263,2025-09-30T00:00:00.000,8:36,25fa825e-40f5-408a-9d57-259da66811a1,Occupant,Unspecified,20945548,29,Not Ejected,Does Not Apply,Does Not Apply,Driver,Lap Belt & Harness,Does Not Apply,Driver,M,,,,
13493930,4846735,2025-09-30T00:00:00.000,21:32,40a83139-12fa-470c-a988-3bc436991a67,Occupant,Unspecified,20946585,65,,,,,,,Registrant,F,,,,
13493218,4846648,2025-09-30T00:00:00.000,8:46,c5d11c05-8057-4a40-8a0b-9d53937a5d84,Occupant,Unspecified,20946185,71,,,,,,,Registrant,M,,,,
13493533,4846725,2025-09-30T00:00:00.000,11:40,16046373-f039-45b6-8b0e-5b35160bf517,Occupant,Unspecified,20946360,66,,,,,,,Registrant,F,,,,
13493250,4846733,2025-09-30T00:00:00.000,12:24,0661b946-56e0-4460-a68c-28d925c2748c,Occupant,Unspecified,20946202,,,,,,,,Registrant,F,,,,
13493461,4846538,2025-09-30T00:00:00.000,17:00,cf3d136d-8f9f-477b-9267-04cb365ebccf,Occupant,Unspecified,20946315,2,Not Ejected,Does Not Apply,Does Not Apply,Driver,Lap Belt,Does Not Apply,Driver,M,,,,
13492953,4846383,2025-09-30T00:00:00.000,16:00,c4756aea-b03c-4202-b74c-f9fde3f54d73,Occupant,Unspecified,20946032,22,,,,,,,Registrant,M,,,,
13492583,4846458,2025-09-30T00:00:00.000,17:45,a2e02c8c-7b0c-47a7-aed1-3ac39e616d65,Occupant,Unspecified,20945817,23,Not Ejected,Does Not Apply,Does Not Apply,Driver,Unknown,Does Not Apply,Driver,M,,,,
13492935,4846374,2025-09-30T00:00:00.000,9:05,dea30e47-330d-4ba9-88dc-688e5b6cc56b,Occupant,Unspecified,20946023,49,,,,,,,Registrant,M,,,,
13494718,4846818,2025-09-30T00:00:00.000,9:25,2d699d26-9cbf-4894-b979-b18a573595aa,Occupant,Unspecified,20947038,40,Not Ejected,Does Not Apply,Does Not Apply,"Front passenger, if two or more persons, including the driver, are in the front seat",Lap Belt & Harness,Does Not Apply,Passenger,F,,,,
13492095,4846263,2025-09-30T00:00:00.000,8:36,aeba6b6d-edee-4e6c-8994-9353f07ce0f2,Occupant,Unspecified,20945549,69,Not Ejected,Does Not Apply,Does Not Apply,Driver,Lap Belt & Harness,Does Not Apply,Driver,M,,,,
13494356,4846849,2025-09-30T00:00:00.000,16:18,70c0637b-2c8c-40eb-88c6-6a9512cbf3fd,Occupant,Unspecified,20946827,12,Not Ejected,Does Not Apply,Does Not Apply,"Any person in the rear of a station wagon, pick-up truck, all passengers on a bus, etc",Lap Belt & Harness,Does Not Apply,Passenger,F,,,,
13492201,4846335,2025-09-30T00:00:00.000,12:10,cc8a8d52-ae0b-4728-9f5f-5b24e0010253,Occupant,Unspecified,20945611,37,Not Ejected,Does Not Apply,Does Not Apply,Driver,Lap Belt & Harness,Does Not Apply,Driver,M,,,,
13493585,4846671,2025-09-30T00:00:00.000,13:20,c845bfa1-c398-46ce-91b5-ef4d0d8e2677,Occupant,Injured,20946385,40,Not Ejected,Shock,Neck,Driver,Lap Belt,Whiplash,Driver,F,,,,
13494426,4846857,2025-09-30T00:00:00.000,22:45,95ee27e5-ef5f-4b7e-9682-c1b53f03a672,Occupant,Unspecified,20946861,,,,,,,,Registrant,,,,,
13493353,4846555,2025-09-30T00:00:00.000,14:30,2b608aa9-022d-4490-a1ce-6c69eb4f8b65,Occupant,Unspecified,20946260,46,Not Ejected,Does Not Apply,Does Not Apply,Driver,Unknown,Does Not Apply,Driver,M,,,,
13493829,4846513,2025-09-30T00:00:00.000,3:15,3135432b-879e-435c-99b6-b55114a850c5,Occupant,Unspecified,20946531,23,Not Ejected,Does Not Apply,Does Not Apply,Driver,Lap Belt & Harness,Does Not Apply,Driver,M,,,,
13492085,4846401,2025-09-30T00:00:00.000,9:03,5f164291-c330-4a10-843c-7adcc7de176e,Occupant,Unspecified,20945543,,,,,,,,Registrant,U,,,,
13492586,4846458,2025-09-30T00:00:00.000,17:45,63a67be7-0b0d-4c2b-b4f8-cacfd17a79ab,Occupant,Unspecified,20945817,23,,,,,,,Registrant,M,,,,
13492385,4846489,2025-09-30T00:00:00.000,14:32,d9f6f7f9-f381-4dae-9e2f-16bad441560a,Occupant,Unspecified,20945721,67,Not Ejected,Does Not Apply,Does Not Apply,"Front passenger, if two or more persons, including the driver, are in the front seat",Lap Belt,Does Not Apply,Passenger,F,,,,
13493178,4846600,2025-09-30T00:00:00.000,13:40,8d79a4ac-fc4a-4a6d-8d92-a15b3252d062,Occupant,Unspecified,20946158,,,,,,,,Registrant,,,,,
13492373,4846443,2025-09-30T00:00:00.000,14:35,9c95e26e-b1b0-4ef1-83ba-b399b71a275c,Occupant,Unspecified,20945713,32,Not Ejected,Does Not Apply,Does Not Apply,Driver,Lap Belt & Harness,Does Not Apply,Driver,M,,,,
13492496,4846349,2025-09-30T00:00:00.000,1:55,383c4348-55ed-452d-9504-21087d38e94a,Occupant,Unspecified,20945773,20,,,,,,,Registrant,M,,,,
13492089,4846406,2025-09-30T00:00:00.000,17:45,0d361046-8a05-41f7-87de-d0ffc646ba56,Occupant,Unspecified,20945546,33,Not Ejected,Does Not Apply,Does Not Apply,Driver,Lap Belt & Harness,Does Not Apply,Driver,M,,,,
13494024,4846766,2025-09-30T00:00:00.000,7:26,0d108f9d-4fce-436e-8dec-bae3bd6e77c7,Occupant,Unspecified,20946645,,,,,,,,Registrant,U,,,,
13492091,4846406,2025-09-30T00:00:00.000,17:45,bf737799-840f-4ee0-a1ab-6f114014b9bf,Occupant,Unspecified,20945546,33,,,,,,,Registrant,M,,,,
13493206,4846614,2025-09-30T00:00:00.000,0:00,f128471d-f03d-4aab-82ad-9ee45cba5bdb,Occupant,Unspecified,20946174,26,Not Ejected,Does Not Apply,Does Not Apply,Driver,Lap Belt & Harness,Does Not Apply,Driver,M,,,,
13492858,4846410,2025-09-30T00:00:00.000,14:00,739d094a-464a-45cb-aa1a-0f8ccfcf90c3,Occupant,Unspecified,20945972,50,,,,,,,Registrant,M,,,,
13494234,4846878,2025-09-30T00:00:00.000,19:08,d75242bf-065a-410b-ab03-f4892b742cf8,Occupant,Unspecified,20946752,62,Not Ejected,Does Not Apply,Does Not Apply,"Front passenger, if two or more persons, including the driver, are in the front seat",Lap Belt & Harness,Does Not Apply,Passenger,F,,,,
13491970,4846299,2025-09-30T00:00:00.000,0:00,d3512d87-4a34-4664-8bc5-12d29912f9de,Occupant,Unspecified,20945486,50,,,,,,,Registrant,M,,,,
13493668,4846592,2025-09-30T00:00:00.000,15:20,a063504e-3d8b-4be0-bbf8-ba91b9b7085c,Occupant,Unspecified,20946441,,,,,,,,Registrant,U,,,,
13492776,4846454,2025-09-30T00:00:00.000,16:35,da488f8e-4728-443e-a067-9ce41145ae2a,Occupant,Unspecified,20945930,42,Not Ejected,Does Not Apply,Does Not Apply,Driver,Lap Belt & Harness,Does Not Apply,Driver,F,,,,
13493921,4846517,2025-09-30T00:00:00.000,17:30,81a5a889-0afa-4709-afd0-3bb866095b49,Occupant,Unspecified,20946580,41,,,,,,,Registrant,M,,,,
13492547,4846447,2025-09-30T00:00:00.000,16:00,fc9aa0a3-be1c-494e-8ace-cee270fdb380,Occupant,Unspecified,20945797,61,Not Ejected,Does Not Apply,Does Not Apply,Driver,Lap Belt & Harness,Does Not Apply,Driver,F,,,,
13494127,4846902,2025-09-30T00:00:00.000,8:10,81370d9f-cf0a-49be-9657-b75b01442d46,Occupant,Unspecified,20946704,52,,,,,,,Registrant,M,,,,
13491950,4846434,2025-09-30T00:00:00.000,17:17,738323a1-58e8-4d81-a594-8f0daf0c21d5,Occupant,Unspecified,20945471,33,Not Ejected,Does Not Apply,Does Not Apply,Driver,Unknown,Does Not Apply,Driver,M,,,,
13492469,4846467,2025-09-30T00:00:00.000,6:55,e9c580eb-eaf7-4d20-b2a1-1846c5cea965,Occupant,Unspecified,20945762,56,Not Ejected,Does Not Apply,Does Not Apply,Driver,Unknown,Does Not Apply,Driver,M,,,,
13494393,4846942,2025-09-30T00:00:00.000,10:20,0cf2056e-5e2b-48f1-9032-f481005e9b23,Occupant,Unspecified,20946843,,,,,,,,Registrant,M,,,,
13493673,4846530,2025-09-30T00:00:00.000,18:45,ff71830e-3fa4-45c4-9015-06c02b5e710e,Occupant,Unspecified,20946443,82,,,,,,,Registrant,M,,,,
13492208,4846440,2025-09-30T00:00:00.000,1:07,52e77aba-e970-4dd6-91a8-cdf58fb0b152,Occupant,Unspecified,20945616,59,,,,,,,Registrant,M,,,,
13492211,4846355,2025-09-30T00:00:00.000,11:00,1b20b30b-be01-4f3a-8c53-523d7d68e26b,Occupant,Unspecified,20945618,,,,,,,,Registrant,U,,,,
13493920,4846517,2025-09-30T00:00:00.000,17:30,ecd7ff68-5dbc-4abe-9f51-bca192ab5f96,Occupant,Unspecified,20946579,,Not Ejected,Does Not Apply,Does Not Apply,Driver,Lap Belt & Harness,Does Not Apply,Driver,F,,,,
13494593,4846996,2025-09-30T00:00:00.000,17:00,1071757d-9f7f-4a10-8409-c65ceb43c26c,Occupant,Unspecified,20946957,32,,,,,,,Registrant,F,,,,
13493286,4846609,2025-09-30T00:00:00.000,16:45,1eafea22-677b-4001-8928-4609964878b3,Occupant,Unspecified,20946218,10,Not Ejected,Does Not Apply,Does Not Apply,"Any person in the rear of a station wagon, pick-up truck, all passengers on a bus, etc",Lap Belt,Does Not Apply,Passenger,F,,,,
13493350,4846558,2025-09-30T00:00:00.000,15:20,423997aa-09c7-4a19-a57e-c647d4e3596b,Occupant,Unspecified,20946258,42,,,,,,,Registrant,M,,,,
13494581,4846992,2025-09-30T00:00:00.000,1:20,908cbef1-8573-41fa-a45e-898d76c90373,Occupant,Unspecified,20946952,23,,,,,,,Registrant,M,,,,
13493602,4846755,2025-09-30T00:00:00.000,9:00,c848d17e-3326-44a9-9ef0-6900faef74ac,Occupant,Unspecified,20946396,33,,,,,,,Registrant,M,,,,
13492785,4846454,2025-09-30T00:00:00.000,16:35,79e18e25-6a0a-4af8-93bc-40b51adf4d93,Occupant,Unspecified,20945931,8,Not Ejected,Does Not Apply,Does Not Apply,Unknown,Unknown,Does Not Apply,Passenger,F,,,,
13492959,4846412,2025-09-30T00:00:00.000,20:17,97877c41-c244-48a7-89a3-678a667543f3,Occupant,Unspecified,20946035,42,Not Ejected,Does Not Apply,Does Not Apply,Driver,Lap Belt & Harness,Does Not Apply,Driver,M,,,,
13493204,4846522,2025-09-30T00:00:00.000,18:50,057dede1-09e5-4a35-95b7-0b79e017fa39,Occupant,Unspecified,20946173,37,,,,,,,Registrant,M,,,,
13493759,4846602,2025-09-30T00:00:00.000,22:30,06fd28a7-d79a-48cd-bf18-12ee1ac2407c,Occupant,Unspecified,20946495,62,,,,,,,Registrant,M,,,,
13493336,4846750,2025-09-30T00:00:00.000,23:24,1c3d19f7-3a37-45c9-9b04-0d066439f585,Occupant,Unspecified,20946248,21,Not Ejected,Does Not Apply,Does Not Apply,Right rear passenger or motorcycle sidecar passenger,Unknown,Does Not Apply,Passenger,U,,,,
13492945,4846382,2025-09-30T00:00:00.000,13:02,df247c54-3835-462e-9e73-ee6afea1d3b6,Occupant,Unspecified,20946029,23,,,,,,,Registrant,F,,,,
13494395,4846942,2025-09-30T00:00:00.000,10:20,64dc405d-fb9b-48e2-8d94-c14d567197e3,Occupant,Unspecified,20946842,50,,,,,,,Registrant,M,,,,
13494355,4846849,2025-09-30T00:00:00.000,16:18,ab4d95de-6c46-41a0-bb2d-89557a74be77,Occupant,Unspecified,20946827,12,Not Ejected,Does Not Apply,Does Not Apply,"Any person in the rear of a station wagon, pick-up truck, all passengers on a bus, etc",Lap Belt & Harness,Does Not Apply,Passenger,F,,,,
13492655,4846441,2025-09-30T00:00:00.000,15:30,6fff66a9-3ff8-43a2-ae4b-7face680b6f8,Occupant,Unspecified,20945856,40,,,,,,,Registrant,F,,,,
13493538,4846723,2025-09-30T00:00:00.000,21:50,2500f8ea-2924-475c-b937-4f5cc0a619e4,Occupant,Unspecified,20946365,19,Not Ejected,Does Not Apply,Does Not Apply,Driver,Lap Belt & Harness,Does Not Apply,Driver,M,,,,
13492782,4846454,2025-09-30T00:00:00.000,16:35,5ea71390-13a1-4040-a64b-37e467e9dea0,Occupant,Unspecified,20945931,8,Not Ejected,Does Not Apply,Does Not Apply,Unknown,Unknown,Does Not Apply,Passenger,F,,,,
13493201,4846549,2025-09-30T00:00:00.000,15:32,b04a259a-7eca-42ea-b7f8-71c49b961ca9,Occupant,Injured,20946171,43,Not Ejected,Conscious,Entire Body,Driver,Unknown,None Visible,Driver,F,,,,
13492207,4846351,2025-09-30T00:00:00.000,2:00,2e05979b-1808-4b2e-944f-cd5d35dcca8a,Occupant,Unspecified,20945614,22,Not Ejected,Does Not Apply,Does Not Apply,Driver,None,Does Not Apply,Driver,M,,,,
13494022,4846766,2025-09-30T00:00:00.000,7:26,5d575bfe-68a6-4ab6-98e0-fef70485561a,Occupant,Unspecified,20946645,49,Not Ejected,Does Not Apply,Does Not Apply,Driver,Lap Belt,Does Not Apply,Driver,M,,,,
13493937,4846553,2025-09-30T00:00:00.000,20:40,666e77b2-8839-4498-85c4-2cab10baaaad,Occupant,Unspecified,20946590,25,Not Ejected,Does Not Apply,Does Not Apply,Driver,None,Does Not Apply,Driver,M,,,,
13492891,4846480,2025-09-30T00:00:00.000,19:42,708e5e9a-ce08-4757-9a9a-6d84050a401c,Occupant,Unspecified,20945995,56,,,,,,,Registrant,M,,,,
13492199,4846335,2025-09-30T00:00:00.000,12:10,8badae2e-4401-44d9-b219-eb85053b8b89,Occupant,Unspecified,20945610,24,Not Ejected,Does Not Apply,Does Not Apply,Driver,Lap Belt & Harness,Does Not Apply,Driver,M,,,,
13493310,4846533,2025-09-30T00:00:00.000,13:05,662c33f7-f7a7-4dcd-9cfc-a9fb6908a67b,Occupant,Unspecified,20946234,40,Not Ejected,Does Not Apply,Does Not Apply,Driver,Unknown,Does Not Apply,Driver,M,,,,
13492929,4846373,2025-09-30T00:00:00.000,7:00,b1ab56ac-0880-4d21-a368-c5ca15d9fff0,Occupant,Unspecified,20946020,62,Not Ejected,Does Not Apply,Does Not Apply,Driver,Lap Belt,Does Not Apply,Driver,M,,,,
13493717,4846575,2025-09-30T00:00:00.000,16:00,1a47f65e-cba1-4670-848b-df0c5a046d96,Occupant,Unspecified,20946467,60,,,,,,,Registrant,M,,,,
13493359,4846541,2025-09-30T00:00:00.000,9:30,00e0d561-d812-49c0-a25f-53f96556b42f,Occupant,Unspecified,20946265,80,Not Ejected,Does Not Apply,Does Not Apply,Driver,Lap Belt & Harness,Does Not Apply,Driver,M,,,,
13493054,4846689,2025-09-30T00:00:00.000,13:30,db80d403-14b5-4e41-9792-3229c9384167,Occupant,Unspecified,20946087,64,,,,,,,Registrant,M,,,,
13492349,4846435,2025-09-30T00:00:00.000,20:07,5eadc6a5-7852-4e03-82ed-d50e2b158e08,Occupant,Unspecified,20945702,37,,,,,,,Registrant,M,,,,
13492775,4846448,2025-09-30T00:00:00.000,18:54,9b59b73f-748c-4a94-a1d8-82dec581058c,Occupant,Unspecified,20945928,33,,,,,,,Registrant,F,,,,
13493238,4846582,2025-09-30T00:00:00.000,17:49,93cfa23a-1c28-40fa-ad55-38039a78e6bc,Occupant,Unspecified,20946194,,,,,,,,Registrant,,,,,
13493259,4846619,2025-09-30T00:00:00.000,7:56,3ad09f3d-f9f2-444e-9856-9fc728741841,Occupant,Injured,20946203,6,Not Ejected,Conscious,Knee-Lower Leg Foot,"Any person in the rear of a station wagon, pick-up truck, all passengers on a bus, etc",Lap Belt & Harness,Complaint of Pain or Nausea,Passenger,M,,,,
13494454,4846800,2025-09-30T00:00:00.000,10:50,2f044535-6fcd-4404-8ed4-2fa637aff2db,Occupant,Unspecified,20946876,66,Not Ejected,Does Not Apply,Does Not Apply,Driver,Lap Belt & Harness,Does Not Apply,Driver,M,,,,
13493183,4846610,2025-09-30T00:00:00.000,15:47,03a206e8-198e-4344-844f-3a98c42f42c2,Occupant,Unspecified,20946161,2,Partially Ejected,Does Not Apply,Does Not Apply,"Left rear passenger, or rear passenger on a bicycle, motorcycle, snowmobile",Unknown,Does Not Apply,Passenger,M,,,,
13494453,4846892,2025-09-30T00:00:00.000,15:59,7ca76ae1-96d7-4e2d-9940-5e57661177a2,Occupant,Unspecified,20946874,53,,,,,,,Registrant,M,,,,
13492771,4846448,2025-09-30T00:00:00.000,18:54,3d07593d-f5d9-4962-92dd-c74de17caa22,Occupant,Unspecified,20945928,33,Not Ejected,Does Not Apply,Does Not Apply,Driver,Lap Belt & Harness,Does Not Apply,Driver,F,,,,
13492851,4846303,2025-09-30T00:00:00.000,8:38,c36e55af-0f3d-49cf-a06a-e6e3f15d6674,Occupant,Unspecified,20945970,67,,,,,,,Registrant,M,,,,
13493857,4846512,2025-09-30T00:00:00.000,15:25,10ebfdcf-cd97-467b-9718-15e8c9fad223,Occupant,Unspecified,20946544,10,Not Ejected,Does Not Apply,Does Not Apply,"Any person in the rear of a station wagon, pick-up truck, all passengers on a bus, etc",Lap Belt,Does Not Apply,Passenger,M,,,,
13492651,4846385,2025-09-30T00:00:00.000,9:00,ce9a7309-4288-4117-a0b9-f54f87167e26,Occupant,Unspecified,20945855,73,Not Ejected,Does Not Apply,Does Not Apply,Driver,Lap Belt & Harness,Does Not Apply,Driver,F,,,,
13493588,4846671,2025-09-30T00:00:00.000,13:20,b998061a-9a76-4f47-a98a-4c76d493db54,Occupant,Injured,20946385,20,Not Ejected,Shock,Neck,"Front passenger, if two or more persons, including the driver, are in the front seat",Lap Belt,Whiplash,Passenger,F,,,,
13492237,4846424,2025-09-30T00:00:00.000,13:48,818691a1-6f5c-4d43-ac02-79ae95c9ca13,Occupant,Injured,20945631,31,Not Ejected,Conscious,Shoulder - Upper Arm,Driver,Lap Belt & Harness,Complaint of Pain or Nausea,Driver,F,,,,
13492590,4846485,2025-09-30T00:00:00.000,9:07,57218bb1-7b70-4105-a7f6-32cddf69079e,Occupant,Unspecified,20945821,30,,,,,,,Registrant,F,,,,
13492543,4846444,2025-09-30T00:00:00.000,12:56,baa5bfe2-c895-439f-b84c-11430dbd512d,Occupant,Unspecified,20945793,,,,,,,,Registrant,F,,,,
13493666,4846592,2025-09-30T00:00:00.000,15:20,08ea8276-6d8b-4ba8-82c0-f717dc0d542f,Occupant,Unspecified,20946442,,,,,,,,Registrant,,,,,
13492389,4846489,2025-09-30T00:00:00.000,14:32,2d9730a3-b256-4013-8d54-8f33ebe8073e,Occupant,Unspecified,20945720,,,,,,,,Registrant,U,,,,
13494449,4846892,2025-09-30T00:00:00.000,15:59,2c68ca3c-f823-40f6-a213-daff697db4fb,Occupant,Unspecified,20946874,53,Not Ejected,Does Not Apply,Does Not Apply,Driver,None,Does Not Apply,Driver,M,,,,
13492936,4846377,2025-09-30T00:00:00.000,10:03,18e2b002-d01c-4ba1-a141-90a6ebd12c06,Occupant,Unspecified,20946024,58,Not Ejected,Does Not Apply,Does Not Apply,Driver,Lap Belt & Harness,Does Not Apply,Driver,M,,,,
13493854,4846512,2025-09-30T00:00:00.000,15:25,5b9e7d8e-792e-49c7-9e6e-cb31026297c5,Occupant,Unspecified,20946544,10,Not Ejected,Does Not Apply,Does Not Apply,"Any person in the rear of a station wagon, pick-up truck, all passengers on a bus, etc",Lap Belt,Does Not Apply,Passenger,M,,,,
